Page Views,Session Duration,Time on Page,timestamp
5,11.0514,3.89046,2025-04-08 00:36:57
4,3.42932,8.47817,2025-04-08 00:36:58
4,1.62105,9.63617,2025-04-08 00:36:59
5,3.62928,2.07192,2025-04-08 00:37:00
5,4.23584,1.96065,2025-04-08 00:37:01
3,4.54187,3.43871,2025-04-08 00:37:02
5,1.94956,2.11927,2025-04-08 00:37:03
4,1.68574,3.47802,2025-04-08 00:37:04
6,0.033268,5.28552,2025-04-08 00:37:05
7,7.83374,4.06012,2025-04-08 00:37:06
2,2.77378,2.97365,2025-04-08 00:37:07
5,0.681281,1.49901,2025-04-08 00:37:08
5,7.56235,9.68859,2025-04-08 00:37:09
6,7.39291,4.98102,2025-04-08 00:37:10
4,13.5802,5.80219,2025-04-08 00:37:11
6,6.21577,10.0289,2025-04-08 00:37:12
6,18.3367,2.98476,2025-04-08 00:37:13
1,0.841866,8.30362,2025-04-08 00:37:14
7,5.54022,8.79349,2025-04-08 00:37:15
2,5.1953,2.88998,2025-04-08 00:37:16
11,0.78776,11.6929,2025-04-08 00:37:17
4,0.310878,4.16491,2025-04-08 00:37:18
3,11.6504,6.02522,2025-04-08 00:37:19
8,1.05304,3.72751,2025-04-08 00:37:20
3,6.14131,5.08389,2025-04-08 00:37:21
3,0.0124071,1.33626,2025-04-08 00:37:22
5,0.0637469,7.05303,2025-04-08 00:37:23
8,1.88136,2.10774,2025-04-08 00:37:24
3,0.818241,15.0222,2025-04-08 00:37:25
2,3.51201,1.55283,2025-04-08 00:37:26
5,2.50112,3.29603,2025-04-08 00:37:27
3,0.241958,2.63899,2025-04-08 00:37:28
8,0.532462,0.966024,2025-04-08 00:37:29
10,1.47331,9.0044,2025-04-08 00:37:30
3,0.615926,1.95127,2025-04-08 00:37:31
2,4.71386,3.86953,2025-04-08 00:37:32
5,1.61392,1.68748,2025-04-08 00:37:33
7,0.294267,7.17173,2025-04-08 00:37:34
6,1.98694,2.99247,2025-04-08 00:37:35
6,0.285697,4.21947,2025-04-08 00:37:36
2,0.414124,3.27977,2025-04-08 00:37:37
4,0.821771,4.61291,2025-04-08 00:37:38
9,5.88824,8.65244,2025-04-08 00:37:39
7,7.75534,3.30093,2025-04-08 00:37:40
11,5.25055,5.27681,2025-04-08 00:37:41
8,1.21974,3.06193,2025-04-08 00:37:42
3,0.954203,1.42564,2025-04-08 00:37:43
2,2.3899,4.2379,2025-04-08 00:37:44
3,3.83882,1.59355,2025-04-08 00:37:45
4,15.0497,2.87387,2025-04-08 00:37:46
5,0.423207,0.72781,2025-04-08 00:37:47
5,0.151645,3.9702,2025-04-08 00:37:48
4,3.556,3.15455,2025-04-08 00:37:49
3,5.35541,3.83407,2025-04-08 00:37:50
8,5.61921,3.91094,2025-04-08 00:37:51
2,3.40393,4.87919,2025-04-08 00:37:52
1,9.23837,5.41528,2025-04-08 00:37:53
4,2.14621,14.3385,2025-04-08 00:37:54
5,7.35377,9.84027,2025-04-08 00:37:55
4,10.3085,5.3169,2025-04-08 00:37:56
3,5.63504,2.76974,2025-04-08 00:37:57
4,1.11214,2.81426,2025-04-08 00:37:58
8,0.655273,0.370603,2025-04-08 00:37:59
2,2.38302,1.58655,2025-04-08 00:38:00
2,1.81,3.07979,2025-04-08 00:38:01
2,6.30527,4.21902,2025-04-08 00:38:02
7,0.316187,18.24,2025-04-08 00:38:03
6,0.894167,4.77025,2025-04-08 00:38:04
7,4.18055,5.4644,2025-04-08 00:38:05
6,0.299417,1.3807,2025-04-08 00:38:06
7,1.16036,2.25388,2025-04-08 00:38:07
6,1.46893,3.09612,2025-04-08 00:38:08
4,2.9233,0.989994,2025-04-08 00:38:09
2,0.516398,4.68162,2025-04-08 00:38:10
3,5.91132,1.96213,2025-04-08 00:38:11
4,1.78013,1.22332,2025-04-08 00:38:12
7,7.46753,6.36347,2025-04-08 00:38:13
4,1.8926,3.10339,2025-04-08 00:38:14
3,0.964917,4.3779,2025-04-08 00:38:15
2,0.458855,1.24305,2025-04-08 00:38:16
6,0.0112564,5.90033,2025-04-08 00:38:17
3,2.27887,5.02711,2025-04-08 00:38:18
5,0.340033,3.71492,2025-04-08 00:38:19
9,1.4914,5.79233,2025-04-08 00:38:20
6,2.66947,2.26066,2025-04-08 00:38:21
6,0.96759,2.6504,2025-04-08 00:38:22
9,0.577931,2.57288,2025-04-08 00:38:23
4,4.47126,0.791936,2025-04-08 00:38:24
9,8.80059,2.99751,2025-04-08 00:38:25
2,0.31755,3.49378,2025-04-08 00:38:26
10,0.507353,2.13425,2025-04-08 00:38:27
6,9.65758,3.10701,2025-04-08 00:38:28
9,0.11555,3.27624,2025-04-08 00:38:29
4,11.4004,5.55355,2025-04-08 00:38:30
1,0.0139659,5.75573,2025-04-08 00:38:31
6,6.20654,9.0818,2025-04-08 00:38:32
8,1.10158,2.27053,2025-04-08 00:38:33
6,8.37049,7.47852,2025-04-08 00:38:34
2,1.14354,6.61943,2025-04-08 00:38:35
3,3.18661,1.12186,2025-04-08 00:38:36
5,0.250251,6.97148,2025-04-08 00:38:37
3,0.832521,1.1264,2025-04-08 00:38:38
3,4.45741,3.7901,2025-04-08 00:38:39
5,2.25669,7.82683,2025-04-08 00:38:40
6,7.89198,0.424394,2025-04-08 00:38:41
5,1.67979,5.16223,2025-04-08 00:38:42
3,6.11634,1.24863,2025-04-08 00:38:43
5,1.78782,9.22741,2025-04-08 00:38:44
3,11.6254,6.47304,2025-04-08 00:38:45
3,9.64423,0.914021,2025-04-08 00:38:46
6,1.19757,2.39813,2025-04-08 00:38:47
5,6.51266,8.23377,2025-04-08 00:38:48
6,5.64396,4.46872,2025-04-08 00:38:49
2,0.709752,5.68596,2025-04-08 00:38:50
4,2.93682,2.64423,2025-04-08 00:38:51
7,0.226377,6.689,2025-04-08 00:38:52
6,5.4367,10.6794,2025-04-08 00:38:53
5,0.575465,1.42138,2025-04-08 00:38:54
4,0.220341,2.52188,2025-04-08 00:38:55
3,1.53357,4.47407,2025-04-08 00:38:56
3,2.5806,3.05899,2025-04-08 00:38:57
7,5.79135,4.39852,2025-04-08 00:38:58
7,10.9771,5.06711,2025-04-08 00:38:59
6,1.73674,3.0722,2025-04-08 00:39:00
6,0.187053,2.17954,2025-04-08 00:39:01
7,4.14829,3.78486,2025-04-08 00:39:02
8,2.49842,1.07104,2025-04-08 00:39:03
6,1.78203,1.98798,2025-04-08 00:39:04
3,1.11001,2.72589,2025-04-08 00:39:05
7,2.09387,3.55156,2025-04-08 00:39:06
5,1.24055,8.76725,2025-04-08 00:39:07
5,4.24423,0.668979,2025-04-08 00:39:08
7,2.35509,3.64382,2025-04-08 00:39:09
4,6.283,5.67268,2025-04-08 00:39:10
9,2.35279,2.93416,2025-04-08 00:39:11
4,0.816459,2.25229,2025-04-08 00:39:12
5,5.71328,3.2758,2025-04-08 00:39:13
2,2.44404,2.29689,2025-04-08 00:39:14
6,0.695195,1.492,2025-04-08 00:39:15
3,2.93057,1.81517,2025-04-08 00:39:16
6,1.32818,1.84433,2025-04-08 00:39:17
2,5.58151,14.2648,2025-04-08 00:39:18
3,1.81156,4.10397,2025-04-08 00:39:19
5,3.88872,3.14101,2025-04-08 00:39:20
3,0.301239,1.55613,2025-04-08 00:39:21
4,1.51266,9.79144,2025-04-08 00:39:22
5,12.2665,5.45224,2025-04-08 00:39:23
6,4.95798,5.93692,2025-04-08 00:39:24
3,0.522849,8.89755,2025-04-08 00:39:25
3,0.97621,2.31021,2025-04-08 00:39:26
4,1.20061,9.04987,2025-04-08 00:39:27
5,3.1526,4.37688,2025-04-08 00:39:28
4,4.24402,7.27503,2025-04-08 00:39:29
2,4.15321,3.54981,2025-04-08 00:39:30
6,2.13928,2.35352,2025-04-08 00:39:31
6,4.99518,5.88374,2025-04-08 00:39:32
8,1.72384,1.346,2025-04-08 00:39:33
1,0.396759,5.41954,2025-04-08 00:39:34
6,2.49338,0.207017,2025-04-08 00:39:35
2,9.12856,0.84654,2025-04-08 00:39:36
5,4.72502,1.74048,2025-04-08 00:39:37
2,2.59324,3.01658,2025-04-08 00:39:38
6,3.12221,6.08198,2025-04-08 00:39:39
4,8.00196,1.93471,2025-04-08 00:39:40
3,1.67765,4.80343,2025-04-08 00:39:41
5,1.20768,3.11623,2025-04-08 00:39:42
6,11.3485,7.00828,2025-04-08 00:39:43
3,5.97304,1.58645,2025-04-08 00:39:44
4,1.17045,2.6645,2025-04-08 00:39:45
8,1.86964,8.02378,2025-04-08 00:39:46
4,1.60883,1.43685,2025-04-08 00:39:47
10,0.484367,5.27431,2025-04-08 00:39:48
4,9.49738,0.557271,2025-04-08 00:39:49
5,1.55412,8.50516,2025-04-08 00:39:50
10,6.24623,1.75623,2025-04-08 00:39:51
3,0.62978,1.90994,2025-04-08 00:39:52
4,2.38136,1.04624,2025-04-08 00:39:53
7,0.0727594,5.00337,2025-04-08 00:39:54
5,4.33457,3.83194,2025-04-08 00:39:55
10,2.60904,1.52351,2025-04-08 00:39:56
4,2.94721,3.34298,2025-04-08 00:39:57
2,0.159319,13.336,2025-04-08 00:39:58
3,0.711113,6.91032,2025-04-08 00:39:59
5,0.231715,7.98327,2025-04-08 00:40:00
8,1.02289,1.86459,2025-04-08 00:40:01
4,2.96206,1.62808,2025-04-08 00:40:02
3,2.50542,0.663175,2025-04-08 00:40:03
8,2.84141,4.30189,2025-04-08 00:40:04
6,2.39054,2.72647,2025-04-08 00:40:05
8,0.956605,8.40227,2025-04-08 00:40:06
3,0.841156,8.00142,2025-04-08 00:40:07
3,0.442229,4.9175,2025-04-08 00:40:08
5,5.67283,1.16146,2025-04-08 00:40:09
11,2.87509,1.07381,2025-04-08 00:40:10
7,0.619269,0.341888,2025-04-08 00:40:11
4,0.585161,1.55923,2025-04-08 00:40:12
3,6.19155,1.16047,2025-04-08 00:40:13
8,4.0729,5.16808,2025-04-08 00:40:14
8,3.23113,2.59596,2025-04-08 00:40:15
3,1.567,2.17025,2025-04-08 00:40:16
3,0.911335,3.12068,2025-04-08 00:40:17
6,11.6548,3.51986,2025-04-08 00:40:18
2,4.78719,2.01443,2025-04-08 00:40:19
7,1.07766,2.6838,2025-04-08 00:40:20
5,5.64305,5.53882,2025-04-08 00:40:21
5,4.26803,6.24758,2025-04-08 00:40:22
6,1.05754,1.14133,2025-04-08 00:40:23
1,1.66827,2.9183,2025-04-08 00:40:24
10,0.617213,9.02714,2025-04-08 00:40:25
2,0.353151,9.16916,2025-04-08 00:40:26
5,3.84864,8.42734,2025-04-08 00:40:27
4,0.933924,4.56034,2025-04-08 00:40:28
5,5.14538,2.79454,2025-04-08 00:40:29
4,16.2844,0.408304,2025-04-08 00:40:30
5,0.239143,1.38883,2025-04-08 00:40:31
6,1.92186,3.1675,2025-04-08 00:40:32
1,4.85941,5.67298,2025-04-08 00:40:33
3,4.66699,4.86353,2025-04-08 00:40:34
2,4.28131,1.07795,2025-04-08 00:40:35
5,1.28771,2.28562,2025-04-08 00:40:36
4,1.8146,8.67468,2025-04-08 00:40:37
7,2.71137,2.90091,2025-04-08 00:40:38
7,10.9421,4.91035,2025-04-08 00:40:39
2,1.19047,2.39523,2025-04-08 00:40:40
6,7.69746,0.633561,2025-04-08 00:40:41
7,0.941491,3.96105,2025-04-08 00:40:42
2,13.55,2.80018,2025-04-08 00:40:43
7,3.32839,3.00154,2025-04-08 00:40:44
5,1.86813,3.5797,2025-04-08 00:40:45
7,2.85102,1.49911,2025-04-08 00:40:46
6,0.954552,3.43792,2025-04-08 00:40:47
5,0.961334,1.55094,2025-04-08 00:40:48
6,0.361607,4.93395,2025-04-08 00:40:49
5,0.363285,20.0213,2025-04-08 00:40:50
4,1.28162,1.89513,2025-04-08 00:40:51
7,4.31726,8.74614,2025-04-08 00:40:52
1,2.80926,3.16916,2025-04-08 00:40:53
8,0.324709,3.54578,2025-04-08 00:40:54
4,5.73643,2.89202,2025-04-08 00:40:55
5,2.75915,1.85344,2025-04-08 00:40:56
3,9.72149,2.23755,2025-04-08 00:40:57
7,3.32767,10.7554,2025-04-08 00:40:58
2,0.577752,1.49822,2025-04-08 00:40:59
5,1.92613,6.63363,2025-04-08 00:41:00
10,3.13662,2.49641,2025-04-08 00:41:01
7,0.0860155,0.517605,2025-04-08 00:41:02
7,0.0450676,3.40864,2025-04-08 00:41:03
10,0.415728,13.6396,2025-04-08 00:41:04
1,0.869711,5.90091,2025-04-08 00:41:05
5,1.68398,0.209127,2025-04-08 00:41:06
3,2.00502,5.5046,2025-04-08 00:41:07
8,0.445596,2.6998,2025-04-08 00:41:08
7,3.35698,1.20328,2025-04-08 00:41:09
3,2.72005,2.40264,2025-04-08 00:41:10
1,1.04639,1.26611,2025-04-08 00:41:11
5,0.0412621,0.572742,2025-04-08 00:41:12
3,0.242485,1.72242,2025-04-08 00:41:13
6,1.49124,2.05063,2025-04-08 00:41:14
3,0.501617,1.99838,2025-04-08 00:41:15
4,1.41876,2.35345,2025-04-08 00:41:16
5,2.96806,1.88107,2025-04-08 00:41:17
8,2.37716,3.28039,2025-04-08 00:41:18
7,0.788679,8.61629,2025-04-08 00:41:19
5,1.26397,0.644302,2025-04-08 00:41:20
4,2.856,4.35758,2025-04-08 00:41:21
6,5.91672,4.32349,2025-04-08 00:41:22
8,4.19769,1.29597,2025-04-08 00:41:23
4,2.41828,7.36014,2025-04-08 00:41:24
3,1.34963,0.673727,2025-04-08 00:41:25
2,1.36263,5.52848,2025-04-08 00:41:26
3,6.34626,3.5785,2025-04-08 00:41:27
9,0.120103,1.23525,2025-04-08 00:41:28
5,13.2642,8.72527,2025-04-08 00:41:29
4,3.27529,0.627118,2025-04-08 00:41:30
7,3.42899,7.59399,2025-04-08 00:41:31
8,0.116216,1.90204,2025-04-08 00:41:32
4,2.79063,2.70766,2025-04-08 00:41:33
4,1.98947,1.17401,2025-04-08 00:41:34
8,0.335407,2.04213,2025-04-08 00:41:35
5,0.976866,6.10804,2025-04-08 00:41:36
5,6.63041,4.20248,2025-04-08 00:41:37
6,2.39545,10.2124,2025-04-08 00:41:38
7,1.60032,1.37268,2025-04-08 00:41:39
2,0.226377,2.4133,2025-04-08 00:41:40
1,3.75657,4.43643,2025-04-08 00:41:41
7,3.64056,4.45298,2025-04-08 00:41:42
5,2.85609,2.583,2025-04-08 00:41:43
4,2.14166,1.04551,2025-04-08 00:41:44
4,1.70634,7.81204,2025-04-08 00:41:45
3,2.69883,1.37533,2025-04-08 00:41:46
8,0.797353,1.95878,2025-04-08 00:41:47
7,8.50386,2.59816,2025-04-08 00:41:48
1,2.66599,4.12867,2025-04-08 00:41:49
2,1.11838,1.23929,2025-04-08 00:41:50
4,1.79177,2.52663,2025-04-08 00:41:51
6,4.91482,5.83724,2025-04-08 00:41:52
4,0.528837,9.15937,2025-04-08 00:41:53
6,1.03948,1.69187,2025-04-08 00:41:54
8,3.41369,0.594506,2025-04-08 00:41:55
7,1.13715,4.34691,2025-04-08 00:41:56
5,4.7179,0.773091,2025-04-08 00:41:57
2,0.41935,3.94019,2025-04-08 00:41:58
1,4.31512,2.77717,2025-04-08 00:41:59
7,0.2124,2.61745,2025-04-08 00:42:00
4,0.0380177,1.30624,2025-04-08 00:42:01
1,6.85493,10.4155,2025-04-08 00:42:02
6,2.61208,2.29736,2025-04-08 00:42:03
5,1.30079,5.41834,2025-04-08 00:42:04
8,0.79422,3.47326,2025-04-08 00:42:05
5,2.87827,4.89141,2025-04-08 00:42:06
4,2.13395,8.43677,2025-04-08 00:42:07
10,14.3378,1.31237,2025-04-08 00:42:08
7,12.262,1.6131,2025-04-08 00:42:09
4,3.02378,2.09667,2025-04-08 00:42:10
8,1.75487,8.33446,2025-04-08 00:42:11
5,2.02675,5.72597,2025-04-08 00:42:12
5,3.44163,2.85476,2025-04-08 00:42:13
5,0.321335,2.51274,2025-04-08 00:42:14
2,1.19406,2.17851,2025-04-08 00:42:15
3,0.234768,4.31305,2025-04-08 00:42:16
4,0.228573,8.05059,2025-04-08 00:42:17
9,0.653868,4.56362,2025-04-08 00:42:18
0,1.99224,3.30023,2025-04-08 00:42:19
5,4.6082,5.05956,2025-04-08 00:42:20
5,1.99366,1.89017,2025-04-08 00:42:21
5,1.22606,9.0696,2025-04-08 00:42:22
5,0.257827,9.05531,2025-04-08 00:42:23
4,2.39749,3.14549,2025-04-08 00:42:24
9,0.94935,1.74682,2025-04-08 00:42:25
6,2.86302,1.7466,2025-04-08 00:42:26
2,11.3414,2.45842,2025-04-08 00:42:27
6,0.354035,4.06477,2025-04-08 00:42:28
6,0.715249,0.505147,2025-04-08 00:42:29
6,1.9222,2.76606,2025-04-08 00:42:30
5,10.3842,5.94626,2025-04-08 00:42:31
2,4.43273,2.33808,2025-04-08 00:42:32
5,6.8551,1.56602,2025-04-08 00:42:33
3,1.21811,3.83273,2025-04-08 00:42:34
3,14.4994,2.81896,2025-04-08 00:42:35
3,0.325539,5.03887,2025-04-08 00:42:36
6,0.163283,1.06922,2025-04-08 00:42:37
6,5.80556,3.92379,2025-04-08 00:42:38
4,7.86279,8.05392,2025-04-08 00:42:39
5,0.284862,4.0398,2025-04-08 00:42:40
5,0.361177,1.71555,2025-04-08 00:42:41
7,0.101211,0.25734,2025-04-08 00:42:42
5,0.331145,1.42803,2025-04-08 00:42:43
3,0.704965,2.56899,2025-04-08 00:42:44
4,10.5273,0.640533,2025-04-08 00:42:45
7,3.3066,3.0439,2025-04-08 00:42:46
5,4.52272,2.53081,2025-04-08 00:42:47
7,4.4902,1.11505,2025-04-08 00:42:48
8,2.29763,4.6784,2025-04-08 00:42:49
7,4.79088,5.45286,2025-04-08 00:42:50
5,2.71759,9.59139,2025-04-08 00:42:51
8,1.13302,2.63689,2025-04-08 00:42:52
4,2.47052,0.998783,2025-04-08 00:42:53
6,2.28755,1.19509,2025-04-08 00:42:54
8,5.20251,7.35248,2025-04-08 00:42:55
6,12.007,3.46122,2025-04-08 00:42:56
3,1.5882,2.8201,2025-04-08 00:42:57
8,4.32403,6.47923,2025-04-08 00:42:58
4,0.315292,1.81937,2025-04-08 00:42:59
7,4.49948,8.41369,2025-04-08 00:43:00
2,1.39286,2.04612,2025-04-08 00:43:01
10,0.120561,6.03349,2025-04-08 00:43:02
6,1.35412,3.344,2025-04-08 00:43:03
4,2.82977,3.64437,2025-04-08 00:43:04
5,0.380945,2.6178,2025-04-08 00:43:05
6,7.73243,8.33926,2025-04-08 00:43:06
4,0.242564,1.58611,2025-04-08 00:43:07
5,7.97807,6.76242,2025-04-08 00:43:08
6,3.68416,1.32038,2025-04-08 00:43:09
3,1.20014,0.487403,2025-04-08 00:43:10
7,1.48658,4.57583,2025-04-08 00:43:11
7,4.05057,2.98675,2025-04-08 00:43:12
8,2.75993,3.22484,2025-04-08 00:43:13
4,3.34096,0.823107,2025-04-08 00:43:14
7,1.47878,2.98894,2025-04-08 00:43:15
3,2.0072,1.90543,2025-04-08 00:43:16
4,13.776,11.0296,2025-04-08 00:43:17
4,0.722101,5.06931,2025-04-08 00:43:18
0,1.62311,3.40147,2025-04-08 00:43:19
1,1.03518,6.16802,2025-04-08 00:43:20
1,4.34593,2.45276,2025-04-08 00:43:21
7,4.33193,3.52639,2025-04-08 00:43:22
5,1.03782,2.38673,2025-04-08 00:43:23
5,0.254682,1.98037,2025-04-08 00:43:24
8,0.0344956,4.02474,2025-04-08 00:43:25
3,1.67297,6.14188,2025-04-08 00:43:26
5,1.58462,3.13456,2025-04-08 00:43:27
3,13.3676,1.54186,2025-04-08 00:43:28
5,1.90351,2.68796,2025-04-08 00:43:29
1,0.88883,1.9344,2025-04-08 00:43:30
7,6.65554,2.4096,2025-04-08 00:43:31
2,2.02632,2.04641,2025-04-08 00:43:32
4,2.7427,5.1363,2025-04-08 00:43:33
6,0.301679,12.8015,2025-04-08 00:43:34
7,1.44825,2.33239,2025-04-08 00:43:35
9,8.65922,3.38434,2025-04-08 00:43:36
4,2.67118,2.06248,2025-04-08 00:43:37
1,1.26708,1.75078,2025-04-08 00:43:38
4,2.94783,2.06749,2025-04-08 00:43:39
6,7.23757,0.314039,2025-04-08 00:43:40
3,0.960577,5.07277,2025-04-08 00:43:41
4,2.1103,0.934273,2025-04-08 00:43:42
2,9.56,4.44005,2025-04-08 00:43:43
6,0.567662,3.2075,2025-04-08 00:43:44
8,3.8153,2.91614,2025-04-08 00:43:45
7,2.85949,5.22359,2025-04-08 00:43:46
2,3.41526,4.22319,2025-04-08 00:43:47
6,1.29798,4.99827,2025-04-08 00:43:48
9,1.13011,4.90941,2025-04-08 00:43:49
3,3.45803,4.88049,2025-04-08 00:43:50
8,0.728292,3.70011,2025-04-08 00:43:51
7,1.6324,8.95568,2025-04-08 00:43:52
6,0.62541,3.63215,2025-04-08 00:43:53
10,0.0250186,11.8244,2025-04-08 00:43:54
5,10.5254,1.80039,2025-04-08 00:43:55
5,1.69533,1.19659,2025-04-08 00:43:56
5,10.4553,5.25147,2025-04-08 00:43:57
5,0.453597,0.327199,2025-04-08 00:43:58
4,2.65559,5.60621,2025-04-08 00:43:59
10,0.673086,0.736713,2025-04-08 00:44:00
3,4.683,2.96131,2025-04-08 00:44:01
2,4.59331,5.58576,2025-04-08 00:44:02
6,0.358402,0.828145,2025-04-08 00:44:03
4,7.29345,2.71462,2025-04-08 00:44:04
4,0.649359,5.92525,2025-04-08 00:44:05
8,2.84782,0.365811,2025-04-08 00:44:06
5,12.7286,3.74582,2025-04-08 00:44:07
4,6.42131,2.06248,2025-04-08 00:44:08
7,9.4094,7.44088,2025-04-08 00:44:09
4,1.25838,2.35324,2025-04-08 00:44:10
2,0.334725,12.9643,2025-04-08 00:44:11
2,0.626047,3.37732,2025-04-08 00:44:12
3,2.08241,3.06984,2025-04-08 00:44:13
3,4.72844,1.92562,2025-04-08 00:44:14
8,0.488099,2.43164,2025-04-08 00:44:15
6,3.23406,5.34025,2025-04-08 00:44:16
0,1.17281,2.59977,2025-04-08 00:44:17
8,1.25202,1.85607,2025-04-08 00:44:18
5,3.2534,0.914732,2025-04-08 00:44:19
4,1.8877,2.22647,2025-04-08 00:44:20
5,5.01447,5.13179,2025-04-08 00:44:21
7,0.508519,1.82913,2025-04-08 00:44:22
6,4.6812,16.3229,2025-04-08 00:44:23
3,0.199173,8.34329,2025-04-08 00:44:24
4,0.647215,0.358838,2025-04-08 00:44:25
2,3.20265,2.53227,2025-04-08 00:44:26
4,5.79153,2.14394,2025-04-08 00:44:27
1,0.873784,0.556033,2025-04-08 00:44:28
9,1.18888,2.21092,2025-04-08 00:44:29
3,2.31087,2.19976,2025-04-08 00:44:30
1,0.713146,5.51754,2025-04-08 00:44:31
5,5.00051,6.46118,2025-04-08 00:44:32
4,4.45684,5.62658,2025-04-08 00:44:33
6,0.470985,8.16685,2025-04-08 00:44:34
5,1.86991,3.33588,2025-04-08 00:44:35
8,4.47267,3.32845,2025-04-08 00:44:36
5,1.23443,5.26894,2025-04-08 00:44:37
7,3.00805,2.22999,2025-04-08 00:44:38
4,0.154553,3.86128,2025-04-08 00:44:39
1,2.81476,3.72113,2025-04-08 00:44:40
5,0.496935,4.29692,2025-04-08 00:44:41
4,5.32618,6.73302,2025-04-08 00:44:42
3,1.31761,1.63469,2025-04-08 00:44:43
2,0.991994,1.6818,2025-04-08 00:44:44
12,5.51446,12.0835,2025-04-08 00:44:45
5,0.154335,1.63553,2025-04-08 00:44:46
10,1.51557,2.32471,2025-04-08 00:44:47
6,1.38612,4.61023,2025-04-08 00:44:48
1,1.00558,0.431942,2025-04-08 00:44:49
6,7.28289,2.06306,2025-04-08 00:44:50
2,4.17004,1.16417,2025-04-08 00:44:51
4,0.198173,0.887593,2025-04-08 00:44:52
5,3.76251,6.63899,2025-04-08 00:44:53
8,2.24788,5.64988,2025-04-08 00:44:54
4,6.93391,1.40625,2025-04-08 00:44:55
2,1.12603,6.85487,2025-04-08 00:44:56
1,2.56109,7.17553,2025-04-08 00:44:57
8,2.08398,8.16889,2025-04-08 00:44:58
8,2.01745,7.28965,2025-04-08 00:44:59
4,1.827,3.93178,2025-04-08 00:45:00
1,0.690616,2.28097,2025-04-08 00:45:01
9,4.2282,5.61402,2025-04-08 00:45:02
4,1.80081,2.44156,2025-04-08 00:45:03
2,9.54736,4.07026,2025-04-08 00:45:04
4,0.906594,2.19912,2025-04-08 00:45:05
3,3.44414,3.06673,2025-04-08 00:45:06
8,8.4763,1.12185,2025-04-08 00:45:07
9,3.2671,5.35893,2025-04-08 00:45:08
4,6.15018,4.25596,2025-04-08 00:45:09
4,5.27174,0.792227,2025-04-08 00:45:10
5,1.33941,2.45632,2025-04-08 00:45:11
11,2.7498,6.10285,2025-04-08 00:45:12
8,0.509737,1.41072,2025-04-08 00:45:13
6,2.30055,1.45116,2025-04-08 00:45:14
2,0.785739,2.68237,2025-04-08 00:45:15
8,4.08465,1.84109,2025-04-08 00:45:16
7,2.2527,9.13029,2025-04-08 00:45:17
6,1.58915,1.83426,2025-04-08 00:45:18
5,0.939193,2.06542,2025-04-08 00:45:19
3,19.9327,0.188309,2025-04-08 00:45:20
5,0.223235,2.60513,2025-04-08 00:45:21
3,0.133614,5.55713,2025-04-08 00:45:22
3,0.734854,5.21867,2025-04-08 00:45:23
7,10.6289,5.4045,2025-04-08 00:45:24
4,11.6239,4.93517,2025-04-08 00:45:25
4,3.192,10.2837,2025-04-08 00:45:26
6,6.36346,3.99513,2025-04-08 00:45:27
6,0.722249,2.02681,2025-04-08 00:45:28
3,10.7312,2.15246,2025-04-08 00:45:29
4,0.462199,2.51929,2025-04-08 00:45:30
6,0.319835,1.67847,2025-04-08 00:45:31
6,0.357065,4.28922,2025-04-08 00:45:32
6,2.55381,5.79986,2025-04-08 00:45:33
6,4.5557,2.26183,2025-04-08 00:45:34
3,1.37028,7.0395,2025-04-08 00:45:35
5,11.436,1.09115,2025-04-08 00:45:36
2,1.70971,0.428273,2025-04-08 00:45:37
5,0.48914,2.19425,2025-04-08 00:45:38
3,1.88189,0.494583,2025-04-08 00:45:39
3,3.40929,1.52705,2025-04-08 00:45:40
5,5.35541,3.64543,2025-04-08 00:45:41
11,1.84172,0.708658,2025-04-08 00:45:42
7,2.7013,3.41478,2025-04-08 00:45:43
7,0.93324,1.88211,2025-04-08 00:45:44
4,3.11467,4.90529,2025-04-08 00:45:45
1,12.8001,0.85381,2025-04-08 00:45:46
4,0.150893,1.88212,2025-04-08 00:45:47
5,6.52867,1.6431,2025-04-08 00:45:48
4,2.47854,3.65692,2025-04-08 00:45:49
4,0.871453,2.04601,2025-04-08 00:45:50
7,9.29593,4.81933,2025-04-08 00:45:51
6,1.98119,3.73327,2025-04-08 00:45:52
8,1.20901,3.09605,2025-04-08 00:45:53
4,0.600837,2.56761,2025-04-08 00:45:54
3,0.840937,9.54839,2025-04-08 00:45:55
0,5.36657,3.38757,2025-04-08 00:45:56
4,2.85894,4.18292,2025-04-08 00:45:57
1,7.33402,4.12328,2025-04-08 00:45:58
4,0.791773,2.06341,2025-04-08 00:45:59
3,0.387384,0.42125,2025-04-08 00:46:00
5,0.0183184,9.03304,2025-04-08 00:46:01
6,2.12699,2.29983,2025-04-08 00:46:02
6,19.1436,4.02973,2025-04-08 00:46:03
4,3.56199,9.39737,2025-04-08 00:46:04
4,1.10622,2.12556,2025-04-08 00:46:05
5,6.28327,2.70271,2025-04-08 00:46:06
1,4.56596,7.32987,2025-04-08 00:46:07
9,0.0466056,1.95006,2025-04-08 00:46:08
7,5.09252,1.18522,2025-04-08 00:46:09
5,1.07228,0.662854,2025-04-08 00:46:10
4,0.486405,15.2777,2025-04-08 00:46:11
5,0.769833,8.67591,2025-04-08 00:46:12
4,1.89661,0.218927,2025-04-08 00:46:13
1,1.65947,5.42037,2025-04-08 00:46:14
3,1.02277,9.18161,2025-04-08 00:46:15
7,0.567017,3.09896,2025-04-08 00:46:16
6,4.30936,2.37537,2025-04-08 00:46:17
10,13.8486,2.516,2025-04-08 00:46:18
4,4.51242,8.28673,2025-04-08 00:46:19
5,1.05266,1.56954,2025-04-08 00:46:20
6,0.842354,1.59797,2025-04-08 00:46:21
6,0.73642,1.57908,2025-04-08 00:46:22
8,0.440962,0.126679,2025-04-08 00:46:23
4,2.40441,2.4547,2025-04-08 00:46:24
3,2.78965,7.51967,2025-04-08 00:46:25
3,3.66746,4.51762,2025-04-08 00:46:26
9,3.4203,4.97314,2025-04-08 00:46:27
7,1.03735,4.08609,2025-04-08 00:46:28
2,1.20283,2.76268,2025-04-08 00:46:29
2,3.43254,2.86858,2025-04-08 00:46:30
4,1.2898,4.1697,2025-04-08 00:46:31
6,0.717145,2.16885,2025-04-08 00:46:32
9,1.40683,1.4674,2025-04-08 00:46:33
11,0.952709,2.34815,2025-04-08 00:46:34
4,0.277375,1.00708,2025-04-08 00:46:35
7,5.31832,1.67703,2025-04-08 00:46:36
7,5.75424,6.63859,2025-04-08 00:46:37
3,0.744424,2.7187,2025-04-08 00:46:38
7,0.200895,4.06143,2025-04-08 00:46:39
5,4.02772,4.54128,2025-04-08 00:46:40
2,0.712978,3.3156,2025-04-08 00:46:41
9,1.49983,5.9352,2025-04-08 00:46:42
6,0.198853,1.9384,2025-04-08 00:46:43
3,0.769595,4.18948,2025-04-08 00:46:44
6,4.72369,1.31505,2025-04-08 00:46:45
3,4.895,0.22986,2025-04-08 00:46:46
2,0.696117,1.84651,2025-04-08 00:46:47
8,1.22803,2.86016,2025-04-08 00:46:48
4,0.432437,1.39836,2025-04-08 00:46:49
5,0.231202,9.03134,2025-04-08 00:46:50
4,14.55,2.96217,2025-04-08 00:46:51
3,3.1978,5.10354,2025-04-08 00:46:52
4,2.34329,7.75362,2025-04-08 00:46:53
3,4.35088,3.35528,2025-04-08 00:46:54
11,5.49919,1.94368,2025-04-08 00:46:55
6,4.93076,1.17719,2025-04-08 00:46:56
5,0.0500333,0.682662,2025-04-08 00:46:57
5,0.620364,5.44726,2025-04-08 00:46:58
5,3.19181,5.88226,2025-04-08 00:46:59
3,1.41366,7.97518,2025-04-08 00:47:00
6,12.1337,7.04402,2025-04-08 00:47:01
4,3.2845,9.70128,2025-04-08 00:47:02
5,9.40836,5.91338,2025-04-08 00:47:03
3,0.67486,3.78542,2025-04-08 00:47:04
7,5.98435,2.25578,2025-04-08 00:47:05
3,1.16296,3.03436,2025-04-08 00:47:06
6,13.6877,3.32007,2025-04-08 00:47:07
7,0.514817,8.78233,2025-04-08 00:47:08
1,2.17912,7.19877,2025-04-08 00:47:09
6,4.72286,1.62072,2025-04-08 00:47:10
4,1.7003,4.21684,2025-04-08 00:47:11
2,1.89381,5.1912,2025-04-08 00:47:12
2,12.8833,4.80078,2025-04-08 00:47:13
5,1.66176,2.43242,2025-04-08 00:47:14
5,2.77957,3.1951,2025-04-08 00:47:15
3,0.16825,6.40884,2025-04-08 00:47:16
5,5.53947,2.55648,2025-04-08 00:47:17
11,3.1338,1.38946,2025-04-08 00:47:18
2,1.55264,5.11853,2025-04-08 00:47:19
6,0.0489051,3.02013,2025-04-08 00:47:20
5,2.68703,6.904,2025-04-08 00:47:21
3,0.0382159,3.41267,2025-04-08 00:47:22
4,0.00361302,0.102908,2025-04-08 00:47:23
10,2.87211,4.04441,2025-04-08 00:47:24
1,0.628525,4.39364,2025-04-08 00:47:25
8,0.639162,7.16713,2025-04-08 00:47:26
3,3.17764,1.74601,2025-04-08 00:47:27
5,0.165578,2.23601,2025-04-08 00:47:28
4,1.12803,1.79717,2025-04-08 00:47:29
11,0.485552,6.83054,2025-04-08 00:47:30
3,2.60376,1.22875,2025-04-08 00:47:31
4,3.25204,5.24566,2025-04-08 00:47:32
3,3.83109,1.65276,2025-04-08 00:47:33
3,0.884044,3.22061,2025-04-08 00:47:34
8,0.28046,0.743051,2025-04-08 00:47:35
1,0.245855,4.9897,2025-04-08 00:47:36
5,1.66617,2.89238,2025-04-08 00:47:37
7,8.74768,5.63466,2025-04-08 00:47:38
3,0.736662,4.91024,2025-04-08 00:47:39
7,0.890135,2.32673,2025-04-08 00:47:40
5,0.319046,1.71061,2025-04-08 00:47:41
7,2.79094,3.43175,2025-04-08 00:47:42
5,3.41711,2.08235,2025-04-08 00:47:43
7,3.08948,10.7167,2025-04-08 00:47:44
5,5.92266,3.34867,2025-04-08 00:47:45
4,1.99908,7.49938,2025-04-08 00:47:46
5,0.433195,4.09696,2025-04-08 00:47:47
11,1.02496,2.84996,2025-04-08 00:47:48
7,3.25795,1.61546,2025-04-08 00:47:49
6,2.84894,4.35157,2025-04-08 00:47:50
3,2.27148,1.38176,2025-04-08 00:47:51
0,3.44622,3.69937,2025-04-08 00:47:52
10,3.04329,4.44316,2025-04-08 00:47:53
5,6.3941,2.75672,2025-04-08 00:47:54
5,2.64579,5.63956,2025-04-08 00:47:55
3,4.52337,2.16046,2025-04-08 00:47:56
4,0.857879,6.19647,2025-04-08 00:47:57
2,3.40131,7.45439,2025-04-08 00:47:58
2,6.97431,4.25893,2025-04-08 00:47:59
7,1.46197,5.56052,2025-04-08 00:48:00
3,4.53019,4.84691,2025-04-08 00:48:01
1,3.87065,4.23346,2025-04-08 00:48:02
3,0.184114,4.22522,2025-04-08 00:48:03
7,2.61329,1.22816,2025-04-08 00:48:04
5,0.418439,6.58276,2025-04-08 00:48:05
5,10.2629,3.17337,2025-04-08 00:48:06
4,5.0045,3.45176,2025-04-08 00:48:07
5,0.348671,3.04078,2025-04-08 00:48:08
5,0.389479,1.67577,2025-04-08 00:48:09
3,2.70771,2.76568,2025-04-08 00:48:10
3,1.26885,7.75646,2025-04-08 00:48:11
6,0.106589,1.82867,2025-04-08 00:48:12
6,2.34031,0.225583,2025-04-08 00:48:13
4,1.47231,0.670125,2025-04-08 00:48:14
9,0.319672,2.45875,2025-04-08 00:48:15
6,4.85726,0.566132,2025-04-08 00:48:16
5,7.39802,1.75821,2025-04-08 00:48:17
5,4.23907,6.93611,2025-04-08 00:48:18
4,5.18504,9.17058,2025-04-08 00:48:19
10,0.731917,0.78705,2025-04-08 00:48:20
6,0.917835,2.98098,2025-04-08 00:48:21
2,0.701581,2.60825,2025-04-08 00:48:22
4,4.34532,5.79095,2025-04-08 00:48:23
3,8.86475,2.01474,2025-04-08 00:48:24
2,3.7852,5.70274,2025-04-08 00:48:25
5,6.39769,9.24603,2025-04-08 00:48:26
6,3.05413,13.6894,2025-04-08 00:48:27
5,1.4714,0.474316,2025-04-08 00:48:28
10,1.66413,3.9129,2025-04-08 00:48:29
5,0.234927,3.50749,2025-04-08 00:48:30
5,0.0958878,6.92516,2025-04-08 00:48:31
4,3.56701,7.86258,2025-04-08 00:48:32
4,1.73105,3.31605,2025-04-08 00:48:33
3,2.41033,9.92766,2025-04-08 00:48:34
6,2.44704,2.96777,2025-04-08 00:48:35
4,0.974598,1.57368,2025-04-08 00:48:36
2,1.93818,5.73596,2025-04-08 00:48:37
9,1.90894,1.15777,2025-04-08 00:48:38
5,1.47516,5.5175,2025-04-08 00:48:39
9,5.15567,5.6966,2025-04-08 00:48:40
5,1.79987,6.91647,2025-04-08 00:48:41
5,2.77633,2.97316,2025-04-08 00:48:42
1,6.77628,6.47997,2025-04-08 00:48:43
5,6.03498,0.383908,2025-04-08 00:48:44
8,6.63336,4.71631,2025-04-08 00:48:45
6,0.944153,3.82498,2025-04-08 00:48:46
2,0.106827,7.57505,2025-04-08 00:48:47
5,0.907643,13.6147,2025-04-08 00:48:48
5,0.980131,10.7825,2025-04-08 00:48:49
4,7.20259,0.817514,2025-04-08 00:48:50
6,3.14298,3.53039,2025-04-08 00:48:51
5,0.255706,2.12112,2025-04-08 00:48:52
6,0.436391,1.42847,2025-04-08 00:48:53
5,0.507657,4.63424,2025-04-08 00:48:54
4,2.98618,1.84131,2025-04-08 00:48:55
7,3.98877,4.03999,2025-04-08 00:48:56
5,5.89072,2.68436,2025-04-08 00:48:57
7,8.47223,4.70539,2025-04-08 00:48:58
6,0.67583,2.08448,2025-04-08 00:48:59
4,1.1122,6.74228,2025-04-08 00:49:00
8,0.824585,2.85362,2025-04-08 00:49:01
4,1.33306,1.8134,2025-04-08 00:49:02
3,7.38352,3.24823,2025-04-08 00:49:03
5,2.56779,5.11109,2025-04-08 00:49:04
10,4.02043,2.03204,2025-04-08 00:49:05
6,2.02074,3.41824,2025-04-08 00:49:06
4,0.0878475,3.08562,2025-04-08 00:49:07
3,0.199046,1.41035,2025-04-08 00:49:08
3,2.31607,6.54021,2025-04-08 00:49:09
5,3.80595,7.75414,2025-04-08 00:49:10
2,0.727478,5.10416,2025-04-08 00:49:11
6,3.83943,8.80278,2025-04-08 00:49:12
2,4.99272,2.48616,2025-04-08 00:49:13
5,1.59256,2.6609,2025-04-08 00:49:14
2,4.11622,5.00105,2025-04-08 00:49:15
6,1.55269,1.84489,2025-04-08 00:49:16
3,3.40288,0.600382,2025-04-08 00:49:17
5,4.33173,7.51646,2025-04-08 00:49:18
2,14.4575,1.99258,2025-04-08 00:49:19
6,1.27118,7.3475,2025-04-08 00:49:20
6,1.58819,5.57013,2025-04-08 00:49:21
7,0.543199,4.96996,2025-04-08 00:49:22
6,0.684744,6.24121,2025-04-08 00:49:23
6,3.54659,2.39412,2025-04-08 00:49:24
4,7.46839,7.38968,2025-04-08 00:49:25
4,1.50562,9.96589,2025-04-08 00:49:26
7,0.594784,7.29567,2025-04-08 00:49:27
5,1.00684,1.46492,2025-04-08 00:49:28
5,1.82119,4.26007,2025-04-08 00:49:29
8,1.03022,1.13011,2025-04-08 00:49:30
4,0.798071,5.64478,2025-04-08 00:49:31
2,3.99524,2.70521,2025-04-08 00:49:32
3,0.0236276,0.602694,2025-04-08 00:49:33
4,2.32457,2.47884,2025-04-08 00:49:34
6,4.73624,3.603,2025-04-08 00:49:35
9,0.928672,1.93511,2025-04-08 00:49:36
3,2.77366,7.46032,2025-04-08 00:49:37
5,3.31601,2.15917,2025-04-08 00:49:38
3,3.19285,1.8687,2025-04-08 00:49:39
2,1.77096,0.531465,2025-04-08 00:49:40
4,1.2766,6.37156,2025-04-08 00:49:41
9,5.42228,3.89028,2025-04-08 00:49:42
4,4.26199,6.93382,2025-04-08 00:49:43
5,1.16253,4.049,2025-04-08 00:49:44
8,0.326162,8.66667,2025-04-08 00:49:45
8,0.223549,5.4107,2025-04-08 00:49:46
5,0.297062,4.97189,2025-04-08 00:49:47
3,2.62307,3.53015,2025-04-08 00:49:48
9,0.159133,0.447355,2025-04-08 00:49:49
2,1.23261,2.05568,2025-04-08 00:49:50
8,4.19753,1.69984,2025-04-08 00:49:51
7,1.0459,3.47193,2025-04-08 00:49:52
6,4.32299,2.43821,2025-04-08 00:49:53
9,4.10497,6.78221,2025-04-08 00:49:54
3,0.846401,6.2415,2025-04-08 00:49:55
6,3.91494,2.8675,2025-04-08 00:49:56
7,4.13232,3.8903,2025-04-08 00:49:57
7,1.51977,1.96234,2025-04-08 00:49:58
5,0.708764,5.44253,2025-04-08 00:49:59
5,2.20986,5.02024,2025-04-08 00:50:00
1,7.63006,10.4365,2025-04-08 00:50:01
7,3.06176,3.35421,2025-04-08 00:50:02
4,0.569571,8.30849,2025-04-08 00:50:03
7,3.44426,1.28116,2025-04-08 00:50:04
5,1.67167,3.84283,2025-04-08 00:50:05
5,2.686,2.81214,2025-04-08 00:50:06
3,3.9735,4.08077,2025-04-08 00:50:07
5,2.17049,4.54166,2025-04-08 00:50:08
5,5.04577,0.933465,2025-04-08 00:50:09
4,3.84208,6.79393,2025-04-08 00:50:10
3,2.86411,6.78787,2025-04-08 00:50:11
3,0.490356,3.08915,2025-04-08 00:50:12
5,5.42274,3.21721,2025-04-08 00:50:13
10,8.24219,4.53265,2025-04-08 00:50:14
2,0.441901,6.57945,2025-04-08 00:50:15
5,2.00971,4.45174,2025-04-08 00:50:16
3,0.898814,6.16505,2025-04-08 00:50:17
4,4.21366,1.75726,2025-04-08 00:50:18
6,3.83641,8.5249,2025-04-08 00:50:19
3,0.455558,2.42542,2025-04-08 00:50:20
4,6.28738,5.05503,2025-04-08 00:50:21
4,0.598915,3.55012,2025-04-08 00:50:22
5,4.78748,3.9203,2025-04-08 00:50:23
8,1.83183,3.67138,2025-04-08 00:50:24
5,1.19371,2.99959,2025-04-08 00:50:25
6,0.516778,8.96752,2025-04-08 00:50:26
3,0.550378,1.56168,2025-04-08 00:50:27
4,3.25316,2.7671,2025-04-08 00:50:28
5,2.39839,6.91278,2025-04-08 00:50:29
6,0.390618,6.87437,2025-04-08 00:50:30
7,0.358709,4.21092,2025-04-08 00:50:31
5,0.225175,1.79663,2025-04-08 00:50:32
2,4.08501,4.20203,2025-04-08 00:50:33
6,3.73316,1.84167,2025-04-08 00:50:34
4,0.180623,1.37769,2025-04-08 00:50:35
2,2.46478,3.8362,2025-04-08 00:50:36
4,0.265432,0.796358,2025-04-08 00:50:37
2,7.02229,8.22011,2025-04-08 00:50:38
3,7.12926,2.14894,2025-04-08 00:50:39
4,3.5943,3.00687,2025-04-08 00:50:40
7,7.81874,2.07396,2025-04-08 00:50:41
5,5.00522,1.26266,2025-04-08 00:50:42
5,5.29019,0.190798,2025-04-08 00:50:43
7,2.52987,1.55384,2025-04-08 00:50:44
9,1.09611,8.50379,2025-04-08 00:50:45
7,0.736931,7.59183,2025-04-08 00:50:46
6,1.18892,0.698399,2025-04-08 00:50:47
6,2.97058,8.21353,2025-04-08 00:50:48
9,0.568606,4.08269,2025-04-08 00:50:49
2,0.897808,1.20395,2025-04-08 00:50:50
3,1.89368,5.4145,2025-04-08 00:50:51
9,0.796001,3.18164,2025-04-08 00:50:52
3,2.66489,2.3093,2025-04-08 00:50:53
8,7.69872,2.46281,2025-04-08 00:50:54
5,4.13604,5.27079,2025-04-08 00:50:55
4,3.29368,5.74332,2025-04-08 00:50:56
9,2.622,1.78761,2025-04-08 00:50:57
2,2.00799,4.64244,2025-04-08 00:50:58
5,0.619464,4.3198,2025-04-08 00:50:59
10,6.75312,0.0685155,2025-04-08 00:51:00
5,0.857196,5.98855,2025-04-08 00:51:01
4,0.28725,1.82373,2025-04-08 00:51:02
7,4.15907,3.187,2025-04-08 00:51:03
3,0.579355,4.19306,2025-04-08 00:51:04
6,1.39515,5.88909,2025-04-08 00:51:05
3,0.086078,7.70817,2025-04-08 00:51:06
3,0.442258,5.6154,2025-04-08 00:51:07
4,0.570591,4.8135,2025-04-08 00:51:08
1,0.167839,3.86999,2025-04-08 00:51:09
2,3.20708,2.54625,2025-04-08 00:51:10
4,5.44216,7.39413,2025-04-08 00:51:11
5,1.40194,1.75078,2025-04-08 00:51:12
8,6.22818,5.66395,2025-04-08 00:51:13
7,0.719903,5.29199,2025-04-08 00:51:14
7,1.18086,3.74636,2025-04-08 00:51:15
2,0.490159,7.44749,2025-04-08 00:51:16
6,2.90717,4.14595,2025-04-08 00:51:17
8,1.63351,3.91117,2025-04-08 00:51:18
6,2.85019,4.69063,2025-04-08 00:51:19
4,4.30236,6.402,2025-04-08 00:51:20
4,2.36701,0.328571,2025-04-08 00:51:21
4,2.9636,11.0754,2025-04-08 00:51:22
1,8.21168,5.9074,2025-04-08 00:51:23
6,1.06602,4.23808,2025-04-08 00:51:24
8,1.33494,0.483465,2025-04-08 00:51:25
7,3.79439,8.43242,2025-04-08 00:51:26
7,2.83488,2.57984,2025-04-08 00:51:27
6,0.58999,1.27398,2025-04-08 00:51:28
6,1.41552,5.84437,2025-04-08 00:51:29
4,1.89242,2.02663,2025-04-08 00:51:30
3,1.63103,7.05517,2025-04-08 00:51:31
6,0.589048,0.820836,2025-04-08 00:51:32
3,7.74809,3.36981,2025-04-08 00:51:33
10,4.31047,4.24269,2025-04-08 00:51:34
5,1.96961,3.6816,2025-04-08 00:51:35
6,3.41887,1.9177,2025-04-08 00:51:36
6,6.82732,3.64157,2025-04-08 00:51:37
4,0.439152,0.546003,2025-04-08 00:51:38
6,0.864539,4.216,2025-04-08 00:51:39
5,2.34726,2.60914,2025-04-08 00:51:40
3,4.81351,5.1426,2025-04-08 00:51:41
2,0.110785,4.33001,2025-04-08 00:51:42
3,12.4089,0.929537,2025-04-08 00:51:43
2,1.82039,2.8938,2025-04-08 00:51:44
8,1.33526,1.28694,2025-04-08 00:51:45
7,1.039,3.70219,2025-04-08 00:51:46
4,0.574777,2.62426,2025-04-08 00:51:47
3,4.70451,5.56831,2025-04-08 00:51:48
3,9.33102,3.85929,2025-04-08 00:51:49
6,1.60149,2.63084,2025-04-08 00:51:50
5,9.13607,3.75402,2025-04-08 00:51:51
1,5.20837,2.18717,2025-04-08 00:51:52
8,1.96785,4.58917,2025-04-08 00:51:53
9,3.36281,3.86483,2025-04-08 00:51:54
4,1.7127,0.332827,2025-04-08 00:51:55
7,2.45425,13.8827,2025-04-08 00:51:56
3,0.179398,3.31066,2025-04-08 00:51:57
7,3.57478,2.38278,2025-04-08 00:51:58
5,0.162813,3.18541,2025-04-08 00:51:59
6,5.0962,5.1852,2025-04-08 00:52:00
8,5.228,2.96431,2025-04-08 00:52:01
2,0.811796,2.78207,2025-04-08 00:52:02
4,1.17319,1.25467,2025-04-08 00:52:03
9,1.96935,2.15819,2025-04-08 00:52:04
4,2.72395,3.98138,2025-04-08 00:52:05
4,1.01631,3.58896,2025-04-08 00:52:06
3,2.69304,2.1891,2025-04-08 00:52:07
4,1.06056,4.28008,2025-04-08 00:52:08
4,0.171269,2.16967,2025-04-08 00:52:09
6,0.00759225,4.2845,2025-04-08 00:52:10
7,0.319921,1.11068,2025-04-08 00:52:11
3,4.71427,2.90059,2025-04-08 00:52:12
6,9.76594,2.36559,2025-04-08 00:52:13
8,1.67043,7.62307,2025-04-08 00:52:14
7,2.15653,2.37726,2025-04-08 00:52:15
3,0.476453,6.49603,2025-04-08 00:52:16
4,2.40241,4.01997,2025-04-08 00:52:17
6,0.468751,1.42658,2025-04-08 00:52:18
8,2.83418,6.50046,2025-04-08 00:52:19
3,8.12079,5.82139,2025-04-08 00:52:20
4,0.653343,4.62426,2025-04-08 00:52:21
3,4.33894,4.57527,2025-04-08 00:52:22
8,0.071349,3.6903,2025-04-08 00:52:23
1,1.4124,4.99592,2025-04-08 00:52:24
3,0.352126,6.30806,2025-04-08 00:52:25
7,1.3038,1.02628,2025-04-08 00:52:26
5,0.5718,7.04088,2025-04-08 00:52:27
9,1.40189,7.80738,2025-04-08 00:52:28
5,1.6214,1.31741,2025-04-08 00:52:29
4,1.07256,2.43256,2025-04-08 00:52:30
5,3.20677,4.3388,2025-04-08 00:52:31
7,7.53444,6.03324,2025-04-08 00:52:32
3,1.53546,3.51532,2025-04-08 00:52:33
6,0.640854,4.6122,2025-04-08 00:52:34
7,0.947104,1.82871,2025-04-08 00:52:35
4,5.77246,4.11742,2025-04-08 00:52:36
4,2.54337,8.36316,2025-04-08 00:52:37
4,1.82097,3.86623,2025-04-08 00:52:38
3,0.486275,5.50666,2025-04-08 00:52:39
4,1.79202,2.0185,2025-04-08 00:52:40
2,0.979235,1.73051,2025-04-08 00:52:41
7,8.60271,10.5644,2025-04-08 00:52:42
6,6.46431,4.37278,2025-04-08 00:52:43
7,0.262898,5.8563,2025-04-08 00:52:44
5,2.18106,7.31797,2025-04-08 00:52:45
4,0.764903,1.05334,2025-04-08 00:52:46
5,1.58685,9.16625,2025-04-08 00:52:47
4,6.28301,3.91538,2025-04-08 00:52:48
7,2.24924,10.2184,2025-04-08 00:52:49
5,1.22037,1.43494,2025-04-08 00:52:50
6,0.699159,6.5776,2025-04-08 00:52:51
5,4.83319,2.34068,2025-04-08 00:52:52
2,2.93863,3.11098,2025-04-08 00:52:53
4,1.8937,6.99385,2025-04-08 00:52:54
4,0.735724,2.49813,2025-04-08 00:52:55
6,1.22051,3.68288,2025-04-08 00:52:56
11,9.64491,3.70789,2025-04-08 00:52:57
6,2.20247,2.55128,2025-04-08 00:52:58
8,1.53598,2.39043,2025-04-08 00:52:59
5,2.21081,0.745119,2025-04-08 00:53:00
3,4.52862,2.94796,2025-04-08 00:53:01
5,1.24704,4.34229,2025-04-08 00:53:02
1,0.590623,2.92779,2025-04-08 00:53:03
8,2.63797,4.55721,2025-04-08 00:53:04
6,3.2827,15.4871,2025-04-08 00:53:05
4,3.74187,6.80792,2025-04-08 00:53:06
7,6.4109,3.63718,2025-04-08 00:53:07
1,1.3917,5.90732,2025-04-08 00:53:08
7,0.235036,5.93635,2025-04-08 00:53:09
3,9.53526,0.473156,2025-04-08 00:53:10
9,1.71285,8.88604,2025-04-08 00:53:11
4,2.92858,3.66298,2025-04-08 00:53:12
2,3.29259,4.37766,2025-04-08 00:53:13
4,2.37237,0.408083,2025-04-08 00:53:14
6,0.689211,4.63583,2025-04-08 00:53:15
2,4.22124,4.04728,2025-04-08 00:53:16
1,4.88513,1.90408,2025-04-08 00:53:17
7,2.41543,2.69073,2025-04-08 00:53:18
7,2.01158,2.1268,2025-04-08 00:53:19
6,0.362906,2.3689,2025-04-08 00:53:20
8,0.263058,3.78577,2025-04-08 00:53:21
7,1.24457,5.29181,2025-04-08 00:53:22
5,1.11687,7.59022,2025-04-08 00:53:23
6,9.21502,4.48477,2025-04-08 00:53:24
6,4.5922,3.3755,2025-04-08 00:53:25
7,3.23576,6.06411,2025-04-08 00:53:26
6,2.18724,2.85799,2025-04-08 00:53:27
3,0.549489,2.91937,2025-04-08 00:53:28
3,11.5131,3.00868,2025-04-08 00:53:29
1,1.41021,1.3263,2025-04-08 00:53:30
5,0.339256,4.6966,2025-04-08 00:53:31
3,2.04246,3.89999,2025-04-08 00:53:32
9,6.21437,2.6614,2025-04-08 00:53:33
8,6.54884,2.05623,2025-04-08 00:53:34
4,0.0330795,3.08743,2025-04-08 00:53:35
2,6.52246,3.13473,2025-04-08 00:53:36
3,0.950238,6.76865,2025-04-08 00:53:37
2,0.119256,2.39787,2025-04-08 00:53:38
4,5.64749,1.90585,2025-04-08 00:53:39
4,5.98236,9.5964,2025-04-08 00:53:40
5,2.72074,3.06619,2025-04-08 00:53:41
8,2.563,3.55758,2025-04-08 00:53:42
6,5.03187,7.62725,2025-04-08 00:53:43
3,4.62968,4.89227,2025-04-08 00:53:44
5,6.6247,3.69782,2025-04-08 00:53:45
6,2.4139,8.49437,2025-04-08 00:53:46
3,10.2932,2.58449,2025-04-08 00:53:47
8,16.6766,4.64526,2025-04-08 00:53:48
8,0.371743,2.52727,2025-04-08 00:53:49
5,5.68225,7.65254,2025-04-08 00:53:50
4,2.07838,3.89984,2025-04-08 00:53:51
2,1.47094,0.162224,2025-04-08 00:53:52
6,2.84855,2.32008,2025-04-08 00:53:53
5,0.172778,7.27426,2025-04-08 00:53:54
6,2.11846,0.621439,2025-04-08 00:53:55
7,6.14128,2.42974,2025-04-08 00:53:56
3,0.720341,0.597211,2025-04-08 00:53:57
9,1.66742,0.668728,2025-04-08 00:53:58
2,8.41439,1.49085,2025-04-08 00:53:59
0,1.67881,4.35534,2025-04-08 00:54:00
6,1.33122,1.30368,2025-04-08 00:54:01
4,1.74233,11.528,2025-04-08 00:54:02
6,2.19849,4.84763,2025-04-08 00:54:03
4,2.99895,3.64686,2025-04-08 00:54:04
5,4.83872,1.06317,2025-04-08 00:54:05
2,1.805,0.742666,2025-04-08 00:54:06
5,5.1027,2.91953,2025-04-08 00:54:07
4,2.28891,10.4832,2025-04-08 00:54:08
3,1.23965,1.31491,2025-04-08 00:54:09
5,3.2184,0.963396,2025-04-08 00:54:10
3,3.79459,6.72576,2025-04-08 00:54:11
3,2.44967,6.58846,2025-04-08 00:54:12
4,0.174842,4.14175,2025-04-08 00:54:13
8,0.558565,2.19444,2025-04-08 00:54:14
5,1.00767,4.98032,2025-04-08 00:54:15
4,0.996472,0.957865,2025-04-08 00:54:16
4,3.35725,3.68574,2025-04-08 00:54:17
4,0.0555573,0.589716,2025-04-08 00:54:18
4,4.22785,3.50629,2025-04-08 00:54:19
7,0.925053,6.88143,2025-04-08 00:54:20
8,1.11329,10.6894,2025-04-08 00:54:21
7,2.25176,2.2834,2025-04-08 00:54:22
3,0.729754,4.32746,2025-04-08 00:54:23
6,6.47471,1.99876,2025-04-08 00:54:24
6,0.267703,5.05185,2025-04-08 00:54:25
4,1.76302,6.35685,2025-04-08 00:54:26
6,5.67983,4.99927,2025-04-08 00:54:27
9,2.87012,2.07095,2025-04-08 00:54:28
6,1.03733,1.47194,2025-04-08 00:54:29
4,1.63812,1.68274,2025-04-08 00:54:30
6,3.67962,3.50157,2025-04-08 00:54:31
7,10.8649,0.876334,2025-04-08 00:54:32
4,6.70867,2.24541,2025-04-08 00:54:33
3,1.25762,4.91665,2025-04-08 00:54:34
4,18.9564,4.05132,2025-04-08 00:54:35
5,0.0105325,1.24147,2025-04-08 00:54:36
3,0.0840559,6.43703,2025-04-08 00:54:37
5,5.2091,2.90795,2025-04-08 00:54:38
3,0.667416,7.60231,2025-04-08 00:54:39
5,0.188082,2.01799,2025-04-08 00:54:40
5,0.812074,2.11008,2025-04-08 00:54:41
5,1.6659,6.29771,2025-04-08 00:54:42
6,3.9343,0.972428,2025-04-08 00:54:43
6,2.93718,4.99104,2025-04-08 00:54:44
6,0.813935,0.584795,2025-04-08 00:54:45
5,2.09913,1.83386,2025-04-08 00:54:46
7,7.81976,2.32684,2025-04-08 00:54:47
3,5.06232,4.80723,2025-04-08 00:54:48
5,1.17109,0.227176,2025-04-08 00:54:49
7,12.0966,5.32057,2025-04-08 00:54:50
2,3.69939,2.18356,2025-04-08 00:54:51
8,0.193454,8.15121,2025-04-08 00:54:52
4,0.107381,1.91182,2025-04-08 00:54:53
2,0.55324,1.8911,2025-04-08 00:54:54
5,3.90427,0.831354,2025-04-08 00:54:55
5,0.609063,3.59243,2025-04-08 00:54:56
4,2.14917,9.97782,2025-04-08 00:54:57
6,0.293699,2.6787,2025-04-08 00:54:58
8,7.6106,3.67677,2025-04-08 00:54:59
4,1.2646,0.62459,2025-04-08 00:55:00
3,7.16221,5.25175,2025-04-08 00:55:01
6,8.69449,2.46861,2025-04-08 00:55:02
4,0.0184425,2.16964,2025-04-08 00:55:03
2,1.87162,1.55938,2025-04-08 00:55:04
3,0.0748953,1.87625,2025-04-08 00:55:05
1,7.18058,4.95867,2025-04-08 00:55:06
9,2.19197,5.95881,2025-04-08 00:55:07
5,0.233703,0.508047,2025-04-08 00:55:08
3,0.350534,1.08267,2025-04-08 00:55:09
4,1.45113,3.41465,2025-04-08 00:55:10
3,8.45196,1.1068,2025-04-08 00:55:11
4,3.54184,1.36244,2025-04-08 00:55:12
6,6.06621,1.63521,2025-04-08 00:55:13
4,1.36928,4.29749,2025-04-08 00:55:14
2,0.132526,7.66611,2025-04-08 00:55:15
6,10.9859,2.77066,2025-04-08 00:55:16
3,0.0519665,3.51094,2025-04-08 00:55:17
6,8.8495,4.92644,2025-04-08 00:55:18
2,1.37981,1.65803,2025-04-08 00:55:19
8,0.030425,4.59964,2025-04-08 00:55:20
3,3.5054,10.7012,2025-04-08 00:55:21
6,11.8182,1.39419,2025-04-08 00:55:22
4,10.1113,4.38403,2025-04-08 00:55:23
5,0.526408,3.52993,2025-04-08 00:55:24
6,0.599921,1.33221,2025-04-08 00:55:25
1,2.50095,6.18927,2025-04-08 00:55:26
5,3.04258,2.00029,2025-04-08 00:55:27
7,4.03451,1.18984,2025-04-08 00:55:28
6,0.599198,2.12289,2025-04-08 00:55:29
6,9.58307,4.68073,2025-04-08 00:55:30
7,3.05447,2.09008,2025-04-08 00:55:31
4,5.63287,0.303634,2025-04-08 00:55:32
3,2.33001,10.3926,2025-04-08 00:55:33
8,1.60472,6.63097,2025-04-08 00:55:34
4,11.3407,3.8277,2025-04-08 00:55:35
5,2.61769,2.30953,2025-04-08 00:55:36
5,6.04937,2.47072,2025-04-08 00:55:37
3,9.19154,1.41946,2025-04-08 00:55:38
9,3.37507,3.51143,2025-04-08 00:55:39
8,2.38846,13.1017,2025-04-08 00:55:40
6,0.0105511,2.99924,2025-04-08 00:55:41
3,0.122527,5.49978,2025-04-08 00:55:42
5,0.672624,1.79434,2025-04-08 00:55:43
5,0.617416,3.79122,2025-04-08 00:55:44
5,0.882142,2.0095,2025-04-08 00:55:45
3,1.09125,3.37347,2025-04-08 00:55:46
7,1.33917,7.94606,2025-04-08 00:55:47
3,1.63696,4.16534,2025-04-08 00:55:48
0,0.312305,7.74144,2025-04-08 00:55:49
6,0.129856,7.93236,2025-04-08 00:55:50
6,3.36206,2.59029,2025-04-08 00:55:51
4,2.31225,9.21772,2025-04-08 00:55:52
5,1.76174,4.37939,2025-04-08 00:55:53
9,3.01897,4.15022,2025-04-08 00:55:54
5,5.2752,1.97756,2025-04-08 00:55:55
4,1.67424,6.82793,2025-04-08 00:55:56
3,3.0743,4.61783,2025-04-08 00:55:57
6,9.20957,1.88123,2025-04-08 00:55:58
2,5.49071,4.96294,2025-04-08 00:55:59
6,1.66538,1.18403,2025-04-08 00:56:00
6,3.10452,1.12684,2025-04-08 00:56:01
6,0.584656,3.27658,2025-04-08 00:56:02
5,2.4665,2.42025,2025-04-08 00:56:03
3,11.9422,2.56502,2025-04-08 00:56:04
4,2.1914,7.6799,2025-04-08 00:56:05
4,7.87823,3.753,2025-04-08 00:56:06
5,1.56938,2.41519,2025-04-08 00:56:07
4,20.2905,1.25601,2025-04-08 00:56:08
4,2.59694,4.36422,2025-04-08 00:56:09
5,0.129565,5.08466,2025-04-08 00:56:10
5,2.65114,5.3334,2025-04-08 00:56:11
5,0.962983,2.72378,2025-04-08 00:56:12
7,0.0990616,0.674957,2025-04-08 00:56:13
3,5.15865,7.88133,2025-04-08 00:56:14
2,0.967772,1.19825,2025-04-08 00:56:15
4,4.77698,2.75481,2025-04-08 00:56:16
4,1.01995,5.40663,2025-04-08 00:56:17
6,0.64823,4.68751,2025-04-08 00:56:18
3,10.9416,1.70502,2025-04-08 00:56:19
5,1.34658,11.7704,2025-04-08 00:56:20
5,2.75921,2.70151,2025-04-08 00:56:21
5,2.82468,3.85156,2025-04-08 00:56:22
5,2.46617,4.0278,2025-04-08 00:56:23
3,7.38459,4.75494,2025-04-08 00:56:24
10,3.36664,4.8446,2025-04-08 00:56:25
5,1.5512,2.25048,2025-04-08 00:56:26
4,5.94979,0.102497,2025-04-08 00:56:27
4,0.599244,4.2451,2025-04-08 00:56:28
7,2.35735,1.00832,2025-04-08 00:56:29
3,9.0204,3.47414,2025-04-08 00:56:30
6,2.94567,5.01287,2025-04-08 00:56:31
2,5.09429,3.80827,2025-04-08 00:56:32
4,3.18014,2.40485,2025-04-08 00:56:33
4,5.48597,2.87027,2025-04-08 00:56:34
4,8.67346,10.8752,2025-04-08 00:56:35
8,0.956163,3.32057,2025-04-08 00:56:36
5,0.557764,1.01238,2025-04-08 00:56:37
8,1.98489,1.41936,2025-04-08 00:56:38
5,3.6306,6.43572,2025-04-08 00:56:39
7,0.773171,0.850059,2025-04-08 00:56:40
8,0.0123297,1.95676,2025-04-08 00:56:41
3,1.25992,4.60035,2025-04-08 00:56:42
4,10.4077,3.23028,2025-04-08 00:56:43
6,3.56201,3.25252,2025-04-08 00:56:44
4,1.53911,7.50577,2025-04-08 00:56:45
4,0.641719,0.44269,2025-04-08 00:56:46
6,1.32059,4.7103,2025-04-08 00:56:47
2,0.558408,9.4815,2025-04-08 00:56:48
4,0.337175,2.62923,2025-04-08 00:56:49
2,7.11717,2.48602,2025-04-08 00:56:50
8,18.1605,4.173,2025-04-08 00:56:51
7,0.537791,3.18845,2025-04-08 00:56:52
2,0.168196,5.2864,2025-04-08 00:56:53
5,1.20023,2.88589,2025-04-08 00:56:54
6,1.85779,3.57846,2025-04-08 00:56:55
7,0.687565,0.906901,2025-04-08 00:56:56
7,1.07614,3.4994,2025-04-08 00:56:57
7,0.672698,3.06858,2025-04-08 00:56:58
6,4.46512,9.33094,2025-04-08 00:56:59
5,3.74041,5.77913,2025-04-08 00:57:00
5,3.02318,4.0136,2025-04-08 00:57:01
8,1.46924,4.59723,2025-04-08 00:57:02
7,7.19204,3.25271,2025-04-08 00:57:03
4,10.4733,3.10018,2025-04-08 00:57:04
5,0.572172,5.28151,2025-04-08 00:57:05
8,0.756994,1.87285,2025-04-08 00:57:06
5,2.23731,2.13845,2025-04-08 00:57:07
2,0.287058,0.650606,2025-04-08 00:57:08
3,1.72049,2.64588,2025-04-08 00:57:09
7,2.61532,3.22067,2025-04-08 00:57:10
3,2.2149,4.28051,2025-04-08 00:57:11
8,1.2055,1.03044,2025-04-08 00:57:12
1,2.34558,3.43689,2025-04-08 00:57:13
5,9.56802,5.22137,2025-04-08 00:57:14
3,0.692081,1.48141,2025-04-08 00:57:15
5,3.19117,7.7468,2025-04-08 00:57:16
5,0.133099,2.17449,2025-04-08 00:57:17
2,0.206174,13.2323,2025-04-08 00:57:18
7,2.40774,8.90209,2025-04-08 00:57:19
2,0.332591,2.06291,2025-04-08 00:57:20
4,0.0678008,6.45519,2025-04-08 00:57:21
5,0.564462,6.71927,2025-04-08 00:57:22
4,2.49619,2.5591,2025-04-08 00:57:23
4,3.64552,4.18011,2025-04-08 00:57:24
5,0.67874,2.23817,2025-04-08 00:57:25
4,3.31021,1.33913,2025-04-08 00:57:26
4,0.604426,7.96897,2025-04-08 00:57:27
5,2.85154,2.97978,2025-04-08 00:57:28
7,1.59288,4.3304,2025-04-08 00:57:29
6,3.18221,7.60789,2025-04-08 00:57:30
6,15.9268,6.85944,2025-04-08 00:57:31
8,8.33302,2.44679,2025-04-08 00:57:32
5,0.0128729,1.89061,2025-04-08 00:57:33
2,6.49994,0.404794,2025-04-08 00:57:34
4,0.206413,6.30651,2025-04-08 00:57:35
6,9.1758,3.22055,2025-04-08 00:57:36
3,0.993129,1.17511,2025-04-08 00:57:37
3,1.44397,3.11011,2025-04-08 00:57:38
5,0.288338,9.13278,2025-04-08 00:57:39
5,0.357272,9.3237,2025-04-08 00:57:40
6,3.892,0.957237,2025-04-08 00:57:41
2,8.66506,1.85307,2025-04-08 00:57:42
6,2.83059,9.50834,2025-04-08 00:57:43
4,3.77476,2.30958,2025-04-08 00:57:44
3,4.30607,2.36993,2025-04-08 00:57:45
4,0.914746,0.64185,2025-04-08 00:57:46
2,0.138853,2.92898,2025-04-08 00:57:47
6,0.0056235,6.65016,2025-04-08 00:57:48
8,1.29535,0.635383,2025-04-08 00:57:49
5,0.829096,1.36906,2025-04-08 00:57:50
6,0.193032,7.4209,2025-04-08 00:57:51
5,0.593628,5.22633,2025-04-08 00:57:52
5,0.398877,2.13676,2025-04-08 00:57:53
6,7.39102,15.1156,2025-04-08 00:57:54
4,0.453401,5.13158,2025-04-08 00:57:55
4,2.31429,9.48255,2025-04-08 00:57:56
5,2.69761,3.31798,2025-04-08 00:57:57
5,2.35243,1.98824,2025-04-08 00:57:58
4,0.312938,2.70986,2025-04-08 00:57:59
4,1.15169,0.879569,2025-04-08 00:58:00
7,0.157894,6.14226,2025-04-08 00:58:01
5,1.5109,2.60819,2025-04-08 00:58:02
4,0.626978,3.94262,2025-04-08 00:58:03
3,2.47409,2.25174,2025-04-08 00:58:04
9,3.54085,3.86606,2025-04-08 00:58:05
6,2.27863,0.565035,2025-04-08 00:58:06
6,1.70874,4.28142,2025-04-08 00:58:07
4,1.4698,1.38769,2025-04-08 00:58:08
7,5.52963,2.51355,2025-04-08 00:58:09
6,0.742955,2.22383,2025-04-08 00:58:10
6,3.97524,4.13531,2025-04-08 00:58:11
2,4.25004,0.846277,2025-04-08 00:58:12
6,1.63005,2.20482,2025-04-08 00:58:13
4,1.05848,7.48681,2025-04-08 00:58:14
7,1.9077,1.15919,2025-04-08 00:58:15
8,0.293546,0.760446,2025-04-08 00:58:16
6,0.141055,1.88779,2025-04-08 00:58:17
3,0.35501,1.62905,2025-04-08 00:58:18
4,0.621608,10.7019,2025-04-08 00:58:19
5,2.10461,5.55208,2025-04-08 00:58:20
3,5.67414,0.70696,2025-04-08 00:58:21
5,0.806158,2.71877,2025-04-08 00:58:22
8,8.20759,3.89819,2025-04-08 00:58:23
8,9.29714,2.60991,2025-04-08 00:58:24
5,9.57558,0.311182,2025-04-08 00:58:25
5,5.45239,4.54731,2025-04-08 00:58:26
8,1.35685,1.11909,2025-04-08 00:58:27
5,0.226382,0.477717,2025-04-08 00:58:28
4,2.52368,0.561243,2025-04-08 00:58:29
3,2.45396,2.41829,2025-04-08 00:58:30
7,5.69088,3.52497,2025-04-08 00:58:31
4,16.5577,0.542662,2025-04-08 00:58:32
4,2.12879,2.38757,2025-04-08 00:58:33
5,1.27029,1.47705,2025-04-08 00:58:34
3,0.617023,5.81327,2025-04-08 00:58:35
5,0.0144341,1.95161,2025-04-08 00:58:36
4,2.13463,6.10759,2025-04-08 00:58:37
6,2.43254,4.30192,2025-04-08 00:58:38
5,5.22785,1.30872,2025-04-08 00:58:39
5,2.10703,2.89793,2025-04-08 00:58:40
2,7.44759,2.34261,2025-04-08 00:58:41
5,2.96726,6.3644,2025-04-08 00:58:42
3,5.50406,4.67689,2025-04-08 00:58:43
3,0.481569,3.25889,2025-04-08 00:58:44
5,5.80003,2.93399,2025-04-08 00:58:45
4,3.37312,2.66244,2025-04-08 00:58:46
3,0.559831,2.50467,2025-04-08 00:58:47
4,0.631288,4.16942,2025-04-08 00:58:48
2,7.83143,14.3174,2025-04-08 00:58:49
6,0.0982371,4.00522,2025-04-08 00:58:50
7,1.86267,3.30476,2025-04-08 00:58:51
3,1.12834,4.34836,2025-04-08 00:58:52
5,3.28157,0.484076,2025-04-08 00:58:53
4,5.4908,2.55348,2025-04-08 00:58:54
6,1.34063,6.85315,2025-04-08 00:58:55
6,1.6701,1.86617,2025-04-08 00:58:56
2,12.0385,5.9296,2025-04-08 00:58:57
2,4.59627,3.22595,2025-04-08 00:58:58
5,6.82503,3.289,2025-04-08 00:58:59
2,1.73283,1.16376,2025-04-08 00:59:00
7,0.800018,3.49491,2025-04-08 00:59:01
4,1.59239,2.96823,2025-04-08 00:59:02
5,3.77731,1.947,2025-04-08 00:59:03
7,0.347682,8.75576,2025-04-08 00:59:04
5,0.946061,10.1276,2025-04-08 00:59:05
7,0.143275,1.479,2025-04-08 00:59:06
1,1.69874,1.87075,2025-04-08 00:59:07
3,5.27113,7.0494,2025-04-08 00:59:08
4,0.0749188,1.91794,2025-04-08 00:59:09
9,3.37478,4.1242,2025-04-08 00:59:10
4,8.0867,2.40357,2025-04-08 00:59:11
5,0.811208,2.85529,2025-04-08 00:59:12
6,3.54893,1.89948,2025-04-08 00:59:13
6,11.0789,5.14834,2025-04-08 00:59:14
3,9.83254,12.9106,2025-04-08 00:59:15
3,0.803361,3.26884,2025-04-08 00:59:16
5,0.317185,4.05134,2025-04-08 00:59:17
7,0.481501,3.55098,2025-04-08 00:59:18
6,3.63234,0.548183,2025-04-08 00:59:19
6,3.88124,2.21622,2025-04-08 00:59:20
4,3.36475,1.43548,2025-04-08 00:59:21
7,1.22877,5.22841,2025-04-08 00:59:22
4,0.558183,1.77258,2025-04-08 00:59:23
8,2.60794,6.73133,2025-04-08 00:59:24
5,1.98309,1.24153,2025-04-08 00:59:25
5,3.91507,5.78699,2025-04-08 00:59:26
4,1.74675,1.20919,2025-04-08 00:59:27
5,1.24037,3.96985,2025-04-08 00:59:28
2,1.04221,1.69075,2025-04-08 00:59:29
3,0.712756,1.79248,2025-04-08 00:59:30
7,0.926702,11.7337,2025-04-08 00:59:31
5,0.298899,1.50945,2025-04-08 00:59:32
6,1.27788,3.28866,2025-04-08 00:59:33
7,0.111766,6.28419,2025-04-08 00:59:34
2,0.61891,0.61269,2025-04-08 00:59:35
7,4.12038,4.48166,2025-04-08 00:59:36
5,1.18121,10.0445,2025-04-08 00:59:37
5,3.31,1.32642,2025-04-08 00:59:38
7,3.7857,2.53459,2025-04-08 00:59:39
6,2.61098,2.21409,2025-04-08 00:59:40
5,9.56051,6.54069,2025-04-08 00:59:41
0,0.0650191,2.81786,2025-04-08 00:59:42
7,4.02571,6.30132,2025-04-08 00:59:43
5,9.56698,9.31249,2025-04-08 00:59:44
5,5.94742,9.93669,2025-04-08 00:59:45
6,0.551382,10.5791,2025-04-08 00:59:46
8,1.18723,1.76638,2025-04-08 00:59:47
4,0.567864,8.7823,2025-04-08 00:59:48
6,2.7587,5.35717,2025-04-08 00:59:49
4,3.73634,4.90471,2025-04-08 00:59:50
1,1.14411,3.72905,2025-04-08 00:59:51
3,2.32637,3.63184,2025-04-08 00:59:52
4,3.52247,3.02682,2025-04-08 00:59:53
5,1.64112,2.73395,2025-04-08 00:59:54
4,5.77277,2.8243,2025-04-08 00:59:55
5,4.42931,1.2342,2025-04-08 00:59:56
2,0.200553,7.02203,2025-04-08 00:59:57
2,2.91165,0.96356,2025-04-08 00:59:58
5,0.804915,10.9276,2025-04-08 00:59:59
5,2.44607,0.76784,2025-04-08 01:00:00
5,9.43189,1.93481,2025-04-08 01:00:01
6,6.33743,4.51579,2025-04-08 01:00:02
4,1.55514,2.93473,2025-04-08 01:00:03
9,1.03387,4.81337,2025-04-08 01:00:04
7,0.801309,2.30374,2025-04-08 01:00:05
2,2.28116,2.3466,2025-04-08 01:00:06
3,0.363956,2.4338,2025-04-08 01:00:07
4,2.39069,4.58882,2025-04-08 01:00:08
6,0.00400359,3.68621,2025-04-08 01:00:09
7,1.17402,3.88019,2025-04-08 01:00:10
4,0.745131,15.1023,2025-04-08 01:00:11
5,10.6441,0.522097,2025-04-08 01:00:12
5,3.89751,2.43918,2025-04-08 01:00:13
3,1.29075,1.1134,2025-04-08 01:00:14
3,0.292326,3.65921,2025-04-08 01:00:15
7,2.18198,5.52435,2025-04-08 01:00:16
3,0.720289,1.71174,2025-04-08 01:00:17
8,2.30639,0.360482,2025-04-08 01:00:18
8,5.41202,5.39305,2025-04-08 01:00:19
5,2.86972,1.33064,2025-04-08 01:00:20
5,3.01363,1.76571,2025-04-08 01:00:21
3,2.33631,1.68172,2025-04-08 01:00:22
3,7.86282,2.18273,2025-04-08 01:00:23
6,8.06045,2.72536,2025-04-08 01:00:24
5,2.15677,2.9854,2025-04-08 01:00:25
4,1.09481,1.49735,2025-04-08 01:00:26
6,1.84626,1.89815,2025-04-08 01:00:27
3,0.619442,0.562234,2025-04-08 01:00:28
12,3.03464,4.64451,2025-04-08 01:00:29
1,2.08,4.53443,2025-04-08 01:00:30
6,0.327103,1.23093,2025-04-08 01:00:31
1,0.660623,6.35925,2025-04-08 01:00:32
6,1.95966,2.27432,2025-04-08 01:00:33
1,6.55678,1.70334,2025-04-08 01:00:34
4,2.50683,0.859243,2025-04-08 01:00:35
3,3.43273,1.0196,2025-04-08 01:00:36
3,1.24213,1.67146,2025-04-08 01:00:37
5,2.54177,7.29963,2025-04-08 01:00:38
5,1.77925,1.66851,2025-04-08 01:00:39
5,3.22876,4.84736,2025-04-08 01:00:40
9,0.155698,3.81569,2025-04-08 01:00:41
3,2.03951,6.42826,2025-04-08 01:00:42
3,1.0529,0.203325,2025-04-08 01:00:43
6,1.1844,1.15114,2025-04-08 01:00:44
6,9.72624,4.68064,2025-04-08 01:00:45
3,0.605228,6.36085,2025-04-08 01:00:46
7,1.11861,7.12549,2025-04-08 01:00:47
4,2.13939,2.42413,2025-04-08 01:00:48
1,5.96391,1.72279,2025-04-08 01:00:49
7,1.61701,8.53193,2025-04-08 01:00:50
7,4.08616,2.85807,2025-04-08 01:00:51
2,5.82163,0.88282,2025-04-08 01:00:52
5,1.11326,3.56007,2025-04-08 01:00:53
6,1.49645,2.44781,2025-04-08 01:00:54
9,1.32276,1.67843,2025-04-08 01:00:55
3,5.3667,2.88843,2025-04-08 01:00:56
4,0.136081,2.46213,2025-04-08 01:00:57
10,1.10633,0.846728,2025-04-08 01:00:58
4,3.41276,3.38893,2025-04-08 01:00:59
4,2.50029,1.38129,2025-04-08 01:01:00
4,1.71964,2.71264,2025-04-08 01:01:01
7,2.32925,9.28364,2025-04-08 01:01:02
8,0.660387,7.42562,2025-04-08 01:01:03
6,1.69013,9.47916,2025-04-08 01:01:04
6,2.08968,6.61741,2025-04-08 01:01:05
3,6.94364,1.72449,2025-04-08 01:01:06
5,0.906703,14.6872,2025-04-08 01:01:07
6,6.07096,1.12448,2025-04-08 01:01:08
2,3.10051,6.4137,2025-04-08 01:01:09
8,0.0616517,1.02366,2025-04-08 01:01:10
5,3.86893,1.59903,2025-04-08 01:01:11
4,0.108598,5.62004,2025-04-08 01:01:12
4,17.835,3.47943,2025-04-08 01:01:13
2,6.18213,1.42733,2025-04-08 01:01:14
5,1.05866,3.26885,2025-04-08 01:01:15
5,0.892839,3.43319,2025-04-08 01:01:16
4,1.44109,3.27797,2025-04-08 01:01:17
2,1.32095,8.60125,2025-04-08 01:01:18
4,1.39726,1.24763,2025-04-08 01:01:19
4,1.14939,2.36424,2025-04-08 01:01:20
1,2.91171,0.460768,2025-04-08 01:01:21
8,0.538326,3.30426,2025-04-08 01:01:22
4,5.61204,5.58632,2025-04-08 01:01:23
10,5.02037,6.4764,2025-04-08 01:01:24
6,1.94156,0.871285,2025-04-08 01:01:25
3,5.74646,3.86805,2025-04-08 01:01:26
6,0.851648,7.26523,2025-04-08 01:01:27
4,0.0531647,1.7033,2025-04-08 01:01:28
3,2.89651,17.4148,2025-04-08 01:01:29
2,1.83697,4.48731,2025-04-08 01:01:30
3,2.51219,0.230617,2025-04-08 01:01:31
5,6.888,2.64758,2025-04-08 01:01:32
3,10.5122,2.33455,2025-04-08 01:01:33
4,3.01908,2.88717,2025-04-08 01:01:34
3,4.33248,8.41703,2025-04-08 01:01:35
6,0.262589,4.58856,2025-04-08 01:01:36
5,0.525617,0.990634,2025-04-08 01:01:37
5,3.96382,3.88247,2025-04-08 01:01:38
4,1.69355,6.18421,2025-04-08 01:01:39
4,1.77158,0.354858,2025-04-08 01:01:40
6,1.10714,1.57651,2025-04-08 01:01:41
4,2.80456,5.19622,2025-04-08 01:01:42
6,0.614309,10.3771,2025-04-08 01:01:43
4,2.95786,0.943752,2025-04-08 01:01:44
5,0.572751,5.64022,2025-04-08 01:01:45
5,0.197862,8.48425,2025-04-08 01:01:46
4,1.20303,1.95356,2025-04-08 01:01:47
5,0.78854,6.0236,2025-04-08 01:01:48
3,6.59445,2.36007,2025-04-08 01:01:49
4,0.169563,3.04113,2025-04-08 01:01:50
6,0.582989,4.16649,2025-04-08 01:01:51
6,2.387,7.80593,2025-04-08 01:01:52
1,1.96794,12.5211,2025-04-08 01:01:53
3,0.14081,2.19735,2025-04-08 01:01:54
4,0.0218366,1.31902,2025-04-08 01:01:55
6,13.2856,7.59199,2025-04-08 01:01:56
4,3.22616,5.67644,2025-04-08 01:01:57
3,1.36431,4.51149,2025-04-08 01:01:58
14,1.90708,6.34324,2025-04-08 01:01:59
5,0.929988,2.39414,2025-04-08 01:02:00
4,1.26878,4.54893,2025-04-08 01:02:01
5,3.14129,8.90302,2025-04-08 01:02:02
5,6.43192,1.97257,2025-04-08 01:02:03
7,0.610501,6.04168,2025-04-08 01:02:04
7,5.50453,2.6435,2025-04-08 01:02:05
7,0.388811,7.37604,2025-04-08 01:02:06
2,0.726185,8.37182,2025-04-08 01:02:07
5,0.113652,3.11088,2025-04-08 01:02:08
3,0.455302,4.06883,2025-04-08 01:02:09
7,7.47772,1.69824,2025-04-08 01:02:10
2,1.84544,4.84506,2025-04-08 01:02:11
6,0.242543,0.910426,2025-04-08 01:02:12
4,9.63621,4.79527,2025-04-08 01:02:13
8,6.3357,5.39207,2025-04-08 01:02:14
5,4.21561,3.90159,2025-04-08 01:02:15
1,8.13043,1.83115,2025-04-08 01:02:16
2,0.745882,8.25715,2025-04-08 01:02:17
3,5.43043,1.81677,2025-04-08 01:02:18
6,3.51346,9.27914,2025-04-08 01:02:19
8,6.11511,3.8284,2025-04-08 01:02:20
4,4.78234,12.6431,2025-04-08 01:02:21
3,1.27622,6.6019,2025-04-08 01:02:22
6,4.46696,1.90182,2025-04-08 01:02:23
6,0.91329,5.39142,2025-04-08 01:02:24
8,1.19514,6.20361,2025-04-08 01:02:25
6,0.34255,4.12305,2025-04-08 01:02:26
6,8.20364,3.38042,2025-04-08 01:02:27
5,1.03171,8.584,2025-04-08 01:02:28
4,2.2058,1.67155,2025-04-08 01:02:29
5,1.48945,3.74152,2025-04-08 01:02:30
5,9.65124,24.7962,2025-04-08 01:02:31
6,1.22413,3.82614,2025-04-08 01:02:32
11,4.52262,3.74079,2025-04-08 01:02:33
8,5.80169,0.989216,2025-04-08 01:02:34
7,1.71601,8.27618,2025-04-08 01:02:35
7,1.42527,7.54616,2025-04-08 01:02:36
4,4.13195,2.66689,2025-04-08 01:02:37
8,7.32196,8.51525,2025-04-08 01:02:38
6,4.21866,2.4432,2025-04-08 01:02:39
2,0.772919,2.63291,2025-04-08 01:02:40
4,6.57602,3.78993,2025-04-08 01:02:41
0,1.47102,1.83845,2025-04-08 01:02:42
6,2.57569,2.13296,2025-04-08 01:02:43
0,5.34131,5.68545,2025-04-08 01:02:44
7,0.626224,0.975297,2025-04-08 01:02:45
9,4.60452,3.81983,2025-04-08 01:02:46
7,2.72023,5.51183,2025-04-08 01:02:47
2,6.71437,5.03877,2025-04-08 01:02:48
4,0.566119,8.24901,2025-04-08 01:02:49
8,1.63771,1.11489,2025-04-08 01:02:50
5,5.36647,0.574363,2025-04-08 01:02:51
5,0.0582571,2.06737,2025-04-08 01:02:52
6,0.357031,10.5849,2025-04-08 01:02:53
2,13.9901,3.00968,2025-04-08 01:02:54
4,0.987155,5.74987,2025-04-08 01:02:55
7,11.1325,5.51649,2025-04-08 01:02:56
3,0.604629,1.99819,2025-04-08 01:02:57
6,1.344,1.1278,2025-04-08 01:02:58
2,4.19352,2.3127,2025-04-08 01:02:59
8,3.21689,4.71144,2025-04-08 01:03:00
10,2.61053,3.63612,2025-04-08 01:03:01
5,2.26442,3.94825,2025-04-08 01:03:02
4,5.56296,1.78147,2025-04-08 01:03:03
4,0.803437,3.74587,2025-04-08 01:03:04
8,1.75272,0.925199,2025-04-08 01:03:05
9,0.506862,2.32059,2025-04-08 01:03:06
7,2.71859,1.13546,2025-04-08 01:03:07
7,0.865225,3.83115,2025-04-08 01:03:08
3,1.21869,3.01142,2025-04-08 01:03:09
8,1.91172,2.06408,2025-04-08 01:03:10
7,0.0814063,1.61916,2025-04-08 01:03:11
2,0.289328,2.64935,2025-04-08 01:03:12
5,3.47441,2.16492,2025-04-08 01:03:13
7,1.68094,4.39863,2025-04-08 01:03:14
6,6.00278,7.05522,2025-04-08 01:03:15
1,3.55911,5.24394,2025-04-08 01:03:16
3,0.0244018,5.66385,2025-04-08 01:03:17
4,2.87691,0.203729,2025-04-08 01:03:18
4,0.295237,3.40292,2025-04-08 01:03:19
3,4.55514,3.93647,2025-04-08 01:03:20
7,14.3058,6.29776,2025-04-08 01:03:21
9,2.27273,6.7328,2025-04-08 01:03:22
4,3.44447,8.13985,2025-04-08 01:03:23
3,0.812727,2.20272,2025-04-08 01:03:24
4,1.72661,2.42408,2025-04-08 01:03:25
4,5.81581,0.157288,2025-04-08 01:03:26
6,0.549689,1.27013,2025-04-08 01:03:27
3,0.925841,4.46889,2025-04-08 01:03:28
10,1.76871,3.99432,2025-04-08 01:03:29
5,3.73698,4.32924,2025-04-08 01:03:30
5,1.41426,4.27944,2025-04-08 01:03:31
3,7.88213,0.868788,2025-04-08 01:03:32
2,0.297662,6.90666,2025-04-08 01:03:33
7,1.38994,2.98503,2025-04-08 01:03:34
5,3.70282,3.9275,2025-04-08 01:03:35
4,0.768499,5.68214,2025-04-08 01:03:36
6,3.20495,11.0583,2025-04-08 01:03:37
5,0.538159,5.49468,2025-04-08 01:03:38
4,0.172825,1.77055,2025-04-08 01:03:39
7,0.386965,12.7299,2025-04-08 01:03:40
4,7.97713,3.45777,2025-04-08 01:03:41
2,2.40722,3.57184,2025-04-08 01:03:42
3,4.77399,8.31431,2025-04-08 01:03:43
8,1.21334,1.14,2025-04-08 01:03:44
5,2.69431,4.92756,2025-04-08 01:03:45
6,2.04931,6.05374,2025-04-08 01:03:46
2,8.74179,3.18408,2025-04-08 01:03:47
3,4.12992,6.01463,2025-04-08 01:03:48
3,3.93404,10.7797,2025-04-08 01:03:49
7,0.142386,0.697275,2025-04-08 01:03:50
5,2.39332,1.71917,2025-04-08 01:03:51
2,1.88765,0.331472,2025-04-08 01:03:52
2,7.8867,1.08945,2025-04-08 01:03:53
7,0.892559,2.79156,2025-04-08 01:03:54
8,0.943448,2.4089,2025-04-08 01:03:55
4,1.58975,2.16189,2025-04-08 01:03:56
4,0.836642,8.25244,2025-04-08 01:03:57
4,0.414973,8.43384,2025-04-08 01:03:58
3,5.84345,9.74399,2025-04-08 01:03:59
4,2.45121,3.80552,2025-04-08 01:04:00
6,5.92768,15.0461,2025-04-08 01:04:01
5,5.33596,5.03904,2025-04-08 01:04:02
5,0.994034,4.60037,2025-04-08 01:04:03
3,2.38048,4.87499,2025-04-08 01:04:04
6,0.260656,5.03226,2025-04-08 01:04:05
4,7.40422,2.55022,2025-04-08 01:04:06
2,1.55387,5.60486,2025-04-08 01:04:07
5,1.50102,7.95313,2025-04-08 01:04:08
7,1.08186,0.569368,2025-04-08 01:04:09
8,1.85225,4.40243,2025-04-08 01:04:10
0,0.870092,0.266102,2025-04-08 01:04:11
5,1.4093,7.00225,2025-04-08 01:04:12
4,4.82752,4.18173,2025-04-08 01:04:13
6,5.39192,3.58458,2025-04-08 01:04:14
4,1.088,0.177348,2025-04-08 01:04:15
7,1.89906,2.2587,2025-04-08 01:04:16
2,6.21013,2.50665,2025-04-08 01:04:17
3,0.162334,6.86443,2025-04-08 01:04:18
3,6.5986,2.81478,2025-04-08 01:04:19
5,0.742249,3.05871,2025-04-08 01:04:20
6,3.40464,6.55223,2025-04-08 01:04:21
9,2.62078,12.9247,2025-04-08 01:04:22
6,2.41519,3.32203,2025-04-08 01:04:23
7,5.88466,9.21714,2025-04-08 01:04:24
2,0.321327,10.7357,2025-04-08 01:04:25
2,1.27866,0.974149,2025-04-08 01:04:26
8,2.31821,1.77783,2025-04-08 01:04:27
8,5.00261,17.1306,2025-04-08 01:04:28
8,0.731735,6.71705,2025-04-08 01:04:29
7,4.87259,1.32807,2025-04-08 01:04:30
6,1.53067,9.69535,2025-04-08 01:04:31
2,0.628143,11.6118,2025-04-08 01:04:32
7,4.26871,3.9304,2025-04-08 01:04:33
6,0.285897,6.11584,2025-04-08 01:04:34
5,2.16938,4.76921,2025-04-08 01:04:35
6,0.198021,8.85498,2025-04-08 01:04:36
4,1.32212,1.69777,2025-04-08 01:04:37
4,2.75696,2.36455,2025-04-08 01:04:38
4,2.43657,6.83635,2025-04-08 01:04:39
5,1.55584,6.91973,2025-04-08 01:04:40
4,1.68135,6.82333,2025-04-08 01:04:41
7,0.771534,5.3161,2025-04-08 01:04:42
2,1.82577,7.92109,2025-04-08 01:04:43
4,9.18913,9.82909,2025-04-08 01:04:44
1,5.70043,8.98928,2025-04-08 01:04:45
6,0.470779,2.62145,2025-04-08 01:04:46
1,0.0906997,3.19473,2025-04-08 01:04:47
6,8.13276,4.37864,2025-04-08 01:04:48
6,2.24439,1.8478,2025-04-08 01:04:49
0,2.31552,2.70431,2025-04-08 01:04:50
6,4.55219,3.93421,2025-04-08 01:04:51
1,1.13365,2.75951,2025-04-08 01:04:52
4,1.9728,1.98121,2025-04-08 01:04:53
6,10.3889,3.09097,2025-04-08 01:04:54
7,3.34559,11.509,2025-04-08 01:04:55
6,0.500804,12.146,2025-04-08 01:04:56
3,0.428934,1.6887,2025-04-08 01:04:57
7,0.685466,0.81683,2025-04-08 01:04:58
6,4.36644,3.78386,2025-04-08 01:04:59
5,1.05028,1.18288,2025-04-08 01:05:00
7,0.0648627,1.69129,2025-04-08 01:05:01
4,8.65657,5.28272,2025-04-08 01:05:02
7,0.557953,2.43354,2025-04-08 01:05:03
1,0.0288125,9.62006,2025-04-08 01:05:04
2,0.812009,2.15341,2025-04-08 01:05:05
2,0.803751,4.91075,2025-04-08 01:05:06
6,1.64457,12.0788,2025-04-08 01:05:07
8,7.59184,2.42355,2025-04-08 01:05:08
6,6.34048,0.968704,2025-04-08 01:05:09
0,1.83136,1.5183,2025-04-08 01:05:10
10,1.58748,10.8813,2025-04-08 01:05:11
2,2.4291,2.00058,2025-04-08 01:05:12
5,0.836976,1.19744,2025-04-08 01:05:13
8,0.160788,6.73114,2025-04-08 01:05:14
5,8.40169,1.1555,2025-04-08 01:05:15
4,0.619962,4.0652,2025-04-08 01:05:16
3,0.663439,0.991447,2025-04-08 01:05:17
7,1.91859,2.85586,2025-04-08 01:05:18
7,2.02954,8.28645,2025-04-08 01:05:19
3,0.0558187,2.31116,2025-04-08 01:05:20
3,0.480347,1.02565,2025-04-08 01:05:21
2,1.42519,3.59828,2025-04-08 01:05:22
2,3.45348,5.48306,2025-04-08 01:05:23
7,0.777939,3.22841,2025-04-08 01:05:24
4,1.64981,12.3965,2025-04-08 01:05:25
1,2.44489,1.59848,2025-04-08 01:05:26
3,6.58368,2.57977,2025-04-08 01:05:27
10,1.18389,3.05678,2025-04-08 01:05:28
3,0.430081,4.48963,2025-04-08 01:05:29
6,2.01576,1.53258,2025-04-08 01:05:30
4,4.1198,2.38267,2025-04-08 01:05:31
5,0.349129,2.26649,2025-04-08 01:05:32
3,1.6585,1.45955,2025-04-08 01:05:33
7,0.0538356,3.04456,2025-04-08 01:05:34
5,0.102406,5.415,2025-04-08 01:05:35
2,1.97887,0.908001,2025-04-08 01:05:36
6,1.06231,3.44292,2025-04-08 01:05:37
3,5.59507,3.93285,2025-04-08 01:05:38
2,2.76507,3.86878,2025-04-08 01:05:39
7,1.81504,14.6329,2025-04-08 01:05:40
6,1.57242,3.96686,2025-04-08 01:05:41
3,2.06296,2.8184,2025-04-08 01:05:42
5,0.123838,2.01248,2025-04-08 01:05:43
7,6.69899,2.2862,2025-04-08 01:05:44
4,19.137,1.70211,2025-04-08 01:05:45
4,0.600798,2.07545,2025-04-08 01:05:46
3,0.384806,2.48049,2025-04-08 01:05:47
6,0.464974,2.97389,2025-04-08 01:05:48
4,3.24551,5.00123,2025-04-08 01:05:49
5,3.24917,1.89082,2025-04-08 01:05:50
7,5.65013,1.90721,2025-04-08 01:05:51
4,4.18088,3.73958,2025-04-08 01:05:52
3,1.79182,3.74584,2025-04-08 01:05:53
1,2.84687,2.21764,2025-04-08 01:05:54
5,3.49699,1.00024,2025-04-08 01:05:55
8,2.15685,6.51436,2025-04-08 01:05:56
5,1.93679,4.6637,2025-04-08 01:05:57
5,3.10774,3.4414,2025-04-08 01:05:58
3,2.44577,5.81922,2025-04-08 01:05:59
3,3.09799,0.68175,2025-04-08 01:06:00
6,2.84687,0.535191,2025-04-08 01:06:01
5,3.8103,3.25696,2025-04-08 01:06:02
7,3.08841,5.31323,2025-04-08 01:06:03
6,2.2003,3.1828,2025-04-08 01:06:04
8,3.4352,0.672672,2025-04-08 01:06:05
8,1.79069,5.31815,2025-04-08 01:06:06
8,0.829915,1.90119,2025-04-08 01:06:07
9,0.00425768,6.94598,2025-04-08 01:06:08
5,2.4627,14.108,2025-04-08 01:06:09
3,2.67959,0.718211,2025-04-08 01:06:10
4,10.7319,1.36996,2025-04-08 01:06:11
5,1.3458,2.67948,2025-04-08 01:06:12
6,1.50329,3.54953,2025-04-08 01:06:13
7,0.676187,6.43202,2025-04-08 01:06:14
4,0.219436,3.13519,2025-04-08 01:06:15
6,4.44583,1.30645,2025-04-08 01:06:16
13,0.861771,4.37844,2025-04-08 01:06:17
3,2.81641,1.38667,2025-04-08 01:06:18
7,3.49207,2.0263,2025-04-08 01:06:19
7,1.91164,6.91104,2025-04-08 01:06:20
2,6.27095,1.86085,2025-04-08 01:06:21
5,1.75985,1.42421,2025-04-08 01:06:22
2,1.00603,2.13183,2025-04-08 01:06:23
4,6.79054,4.82934,2025-04-08 01:06:24
3,5.93205,0.496396,2025-04-08 01:06:25
3,0.537523,4.35224,2025-04-08 01:06:26
1,0.0789119,3.07461,2025-04-08 01:06:27
7,0.282884,1.88201,2025-04-08 01:06:28
4,1.01292,3.10131,2025-04-08 01:06:29
9,10.7546,2.80833,2025-04-08 01:06:30
4,2.45284,2.6217,2025-04-08 01:06:31
6,1.40168,2.99851,2025-04-08 01:06:32
3,6.58701,2.89141,2025-04-08 01:06:33
8,1.81067,1.62374,2025-04-08 01:06:34
6,1.13605,2.23688,2025-04-08 01:06:35
5,8.50184,4.19939,2025-04-08 01:06:36
3,5.68173,0.904412,2025-04-08 01:06:37
11,5.56733,3.49959,2025-04-08 01:06:38
7,2.15407,1.0565,2025-04-08 01:06:39
6,4.67393,3.34333,2025-04-08 01:06:40
6,0.592988,0.851149,2025-04-08 01:06:41
6,2.55448,1.75181,2025-04-08 01:06:42
6,12.3767,3.78212,2025-04-08 01:06:43
5,1.03152,2.70302,2025-04-08 01:06:44
8,4.74477,3.0676,2025-04-08 01:06:45
6,2.02285,1.45592,2025-04-08 01:06:46
8,0.121859,5.57696,2025-04-08 01:06:47
13,4.31933,2.7572,2025-04-08 01:06:48
4,0.553821,2.48173,2025-04-08 01:06:49
1,2.99473,3.17061,2025-04-08 01:06:50
4,0.268672,0.438068,2025-04-08 01:06:51
2,8.80489,2.78353,2025-04-08 01:06:52
7,1.03476,3.24951,2025-04-08 01:06:53
4,0.770352,1.7011,2025-04-08 01:06:54
5,0.41481,6.04438,2025-04-08 01:06:55
8,8.75644,0.822736,2025-04-08 01:06:56
6,3.73338,5.56923,2025-04-08 01:06:57
5,4.06045,7.45848,2025-04-08 01:06:58
2,2.07587,4.52202,2025-04-08 01:06:59
6,1.93152,1.80868,2025-04-08 01:07:00
5,0.349673,3.58123,2025-04-08 01:07:01
6,2.46186,1.43536,2025-04-08 01:07:02
3,0.850738,10.345,2025-04-08 01:07:03
6,11.3358,2.62884,2025-04-08 01:07:04
6,4.77746,1.483,2025-04-08 01:07:05
4,1.59815,0.246517,2025-04-08 01:07:06
7,0.492294,3.04126,2025-04-08 01:07:07
4,4.61598,6.57533,2025-04-08 01:07:08
0,0.39051,4.40339,2025-04-08 01:07:09
9,0.629697,6.02977,2025-04-08 01:07:10
1,0.712947,11.3086,2025-04-08 01:07:11
6,2.44182,3.13605,2025-04-08 01:07:12
4,4.64019,2.65532,2025-04-08 01:07:13
5,1.13201,12.6309,2025-04-08 01:07:14
6,0.265411,3.61828,2025-04-08 01:07:15
8,1.87388,0.96227,2025-04-08 01:07:16
4,4.13629,1.80521,2025-04-08 01:07:17
5,0.75179,12.2375,2025-04-08 01:07:18
10,0.745094,4.07335,2025-04-08 01:07:19
5,8.82527,6.64609,2025-04-08 01:07:20
7,9.24738,1.30248,2025-04-08 01:07:21
6,13.9586,6.62408,2025-04-08 01:07:22
4,4.94547,2.47117,2025-04-08 01:07:23
3,0.625445,6.81231,2025-04-08 01:07:24
5,0.714701,9.75625,2025-04-08 01:07:25
4,1.24757,1.74555,2025-04-08 01:07:26
4,1.14876,5.34091,2025-04-08 01:07:27
5,9.4069,3.79499,2025-04-08 01:07:28
2,4.66874,2.21762,2025-04-08 01:07:29
7,3.86216,1.89119,2025-04-08 01:07:30
3,0.617249,3.61797,2025-04-08 01:07:31
5,7.20806,1.53794,2025-04-08 01:07:32
6,5.27852,2.93961,2025-04-08 01:07:33
8,0.536095,5.62481,2025-04-08 01:07:34
5,6.14779,0.895331,2025-04-08 01:07:35
3,0.953383,1.38586,2025-04-08 01:07:36
3,0.252982,1.74845,2025-04-08 01:07:37
5,3.20852,4.4769,2025-04-08 01:07:38
7,3.18226,6.14385,2025-04-08 01:07:39
5,0.299236,3.54121,2025-04-08 01:07:40
5,1.15193,5.39991,2025-04-08 01:07:41
10,14.8071,4.22126,2025-04-08 01:07:42
2,3.40359,10.4182,2025-04-08 01:07:43
6,3.92884,1.20819,2025-04-08 01:07:44
7,0.718266,1.16246,2025-04-08 01:07:45
4,0.246176,0.235909,2025-04-08 01:07:46
11,0.97263,0.877513,2025-04-08 01:07:47
5,0.858643,1.7554,2025-04-08 01:07:48
4,0.801851,3.39289,2025-04-08 01:07:49
1,0.642382,3.40274,2025-04-08 01:07:50
11,2.56527,4.48782,2025-04-08 01:07:51
3,1.19295,3.14358,2025-04-08 01:07:52
2,5.15015,3.31503,2025-04-08 01:07:53
7,0.609829,4.48479,2025-04-08 01:07:54
5,1.87438,9.45293,2025-04-08 01:07:55
1,0.0412559,7.57028,2025-04-08 01:07:56
6,1.9715,1.01129,2025-04-08 01:07:57
4,0.172373,11.6762,2025-04-08 01:07:58
9,11.4127,12.6827,2025-04-08 01:07:59
4,4.69041,1.01112,2025-04-08 01:08:00
9,2.02069,2.61228,2025-04-08 01:08:01
5,0.271703,3.8754,2025-04-08 01:08:02
2,2.69274,4.98641,2025-04-08 01:08:03
8,4.26594,1.37159,2025-04-08 01:08:04
2,0.634821,0.727407,2025-04-08 01:08:05
7,2.51944,7.32171,2025-04-08 01:08:06
9,5.04943,5.52416,2025-04-08 01:08:07
3,4.38626,3.22731,2025-04-08 01:08:08
3,4.87353,2.68658,2025-04-08 01:08:09
6,6.34392,6.05522,2025-04-08 01:08:10
7,8.32652,1.15803,2025-04-08 01:08:11
2,1.56021,4.29955,2025-04-08 01:08:12
9,2.52333,5.60554,2025-04-08 01:08:13
5,4.69138,3.12607,2025-04-08 01:08:14
5,3.58345,1.3599,2025-04-08 01:08:15
3,16.2246,1.46478,2025-04-08 01:08:16
6,0.0413162,2.3422,2025-04-08 01:08:17
6,1.31613,3.14385,2025-04-08 01:08:18
4,0.989798,1.45718,2025-04-08 01:08:19
6,0.912719,5.97111,2025-04-08 01:08:20
8,0.75513,3.99531,2025-04-08 01:08:21
4,3.70457,0.806315,2025-04-08 01:08:22
6,0.265705,4.16995,2025-04-08 01:08:23
4,4.05984,6.7759,2025-04-08 01:08:24
9,3.54689,4.9961,2025-04-08 01:08:25
5,0.866264,9.44718,2025-04-08 01:08:26
7,0.874403,0.625947,2025-04-08 01:08:27
2,2.97353,1.95434,2025-04-08 01:08:28
4,4.30861,4.59391,2025-04-08 01:08:29
4,6.27419,2.25644,2025-04-08 01:08:30
7,5.73446,3.07621,2025-04-08 01:08:31
3,10.0472,9.82049,2025-04-08 01:08:32
4,2.61241,7.55204,2025-04-08 01:08:33
3,7.17935,4.93925,2025-04-08 01:08:34
3,4.95881,3.58209,2025-04-08 01:08:35
2,6.7519,5.02568,2025-04-08 01:08:36
10,0.0350842,5.67639,2025-04-08 01:08:37
3,10.1356,2.28828,2025-04-08 01:08:38
2,1.92468,6.27968,2025-04-08 01:08:39
6,4.80118,4.49828,2025-04-08 01:08:40
4,0.408161,4.43894,2025-04-08 01:08:41
6,1.51225,3.26461,2025-04-08 01:08:42
2,0.950141,4.96054,2025-04-08 01:08:43
4,1.03449,6.78689,2025-04-08 01:08:44
9,0.394619,1.4892,2025-04-08 01:08:45
10,4.91604,11.2704,2025-04-08 01:08:46
5,0.0278559,7.18262,2025-04-08 01:08:47
2,1.1241,1.29542,2025-04-08 01:08:48
3,0.574973,6.22943,2025-04-08 01:08:49
7,2.66777,2.84874,2025-04-08 01:08:50
6,0.880104,1.12151,2025-04-08 01:08:51
4,0.899258,1.98903,2025-04-08 01:08:52
2,2.01027,2.10996,2025-04-08 01:08:53
7,3.1726,5.25092,2025-04-08 01:08:54
6,0.387951,3.23719,2025-04-08 01:08:55
7,0.578976,4.464,2025-04-08 01:08:56
7,0.851766,5.97134,2025-04-08 01:08:57
3,10.9201,4.93873,2025-04-08 01:08:58
3,1.51827,6.04776,2025-04-08 01:08:59
4,2.74131,1.83833,2025-04-08 01:09:00
5,0.829407,2.635,2025-04-08 01:09:01
2,2.02274,1.56681,2025-04-08 01:09:02
4,0.231029,2.76713,2025-04-08 01:09:03
7,0.10608,1.64309,2025-04-08 01:09:04
5,1.89747,2.11511,2025-04-08 01:09:05
6,1.52578,1.87491,2025-04-08 01:09:06
4,0.441606,3.70206,2025-04-08 01:09:07
9,3.49043,8.50181,2025-04-08 01:09:08
2,14.8445,0.587528,2025-04-08 01:09:09
6,1.51079,2.4445,2025-04-08 01:09:10
4,2.93896,5.53703,2025-04-08 01:09:11
3,9.88856,2.16505,2025-04-08 01:09:12
6,5.34308,6.82058,2025-04-08 01:09:13
7,1.86836,1.54923,2025-04-08 01:09:14
8,4.01239,2.49514,2025-04-08 01:09:15
9,0.411362,2.32154,2025-04-08 01:09:16
5,2.15296,1.91729,2025-04-08 01:09:17
4,0.981599,2.71218,2025-04-08 01:09:18
3,0.527219,6.9054,2025-04-08 01:09:19
7,1.66685,3.70165,2025-04-08 01:09:20
4,0.421287,9.7129,2025-04-08 01:09:21
8,3.60179,1.37408,2025-04-08 01:09:22
8,1.82774,7.99775,2025-04-08 01:09:23
1,2.27238,0.329327,2025-04-08 01:09:24
5,0.474793,5.58634,2025-04-08 01:09:25
4,0.451672,10.5279,2025-04-08 01:09:26
3,2.627,10.0805,2025-04-08 01:09:27
2,12.6011,1.93442,2025-04-08 01:09:28
8,0.303609,6.15771,2025-04-08 01:09:29
8,1.00949,7.50766,2025-04-08 01:09:30
3,6.10821,5.36027,2025-04-08 01:09:31
4,0.22505,2.24511,2025-04-08 01:09:32
12,6.25966,1.70109,2025-04-08 01:09:33
3,2.22882,2.89089,2025-04-08 01:09:34
3,1.5741,5.94936,2025-04-08 01:09:35
4,1.1118,2.43721,2025-04-08 01:09:36
3,1.0577,2.93063,2025-04-08 01:09:37
4,1.095,2.9848,2025-04-08 01:09:38
6,6.48334,5.00564,2025-04-08 01:09:39
4,3.85984,3.34596,2025-04-08 01:09:40
3,3.32347,1.96273,2025-04-08 01:09:41
8,4.80961,1.90801,2025-04-08 01:09:42
2,0.891641,8.27188,2025-04-08 01:09:43
3,2.88734,6.17267,2025-04-08 01:09:44
7,1.84893,4.97885,2025-04-08 01:09:45
3,4.57586,3.75194,2025-04-08 01:09:46
7,1.10996,0.572663,2025-04-08 01:09:47
5,3.09156,7.59441,2025-04-08 01:09:48
2,6.41662,1.9868,2025-04-08 01:09:49
9,1.54325,2.13997,2025-04-08 01:09:50
4,0.206835,5.69448,2025-04-08 01:09:51
3,2.17733,7.6054,2025-04-08 01:09:52
1,1.27382,3.39903,2025-04-08 01:09:53
2,3.34629,4.48167,2025-04-08 01:09:54
6,9.04982,0.686309,2025-04-08 01:09:55
10,1.99431,3.65287,2025-04-08 01:09:56
6,1.88315,2.84295,2025-04-08 01:09:57
6,3.18902,4.64386,2025-04-08 01:09:58
2,0.327763,3.98996,2025-04-08 01:09:59
4,0.877104,1.41839,2025-04-08 01:10:00
5,7.53915,6.18966,2025-04-08 01:10:01
8,3.32547,5.13159,2025-04-08 01:10:02
5,0.0406057,2.60088,2025-04-08 01:10:03
3,0.686827,0.933073,2025-04-08 01:10:04
1,3.44502,9.83142,2025-04-08 01:10:05
7,4.33685,3.39285,2025-04-08 01:10:06
7,5.49511,4.63177,2025-04-08 01:10:07
4,1.03668,1.88651,2025-04-08 01:10:08
4,8.02219,5.28437,2025-04-08 01:10:09
4,2.41523,3.71231,2025-04-08 01:10:10
9,3.57751,4.12812,2025-04-08 01:10:11
1,2.72451,1.32421,2025-04-08 01:10:12
3,0.392856,3.82442,2025-04-08 01:10:13
4,9.89982,1.28867,2025-04-08 01:10:14
3,0.393319,5.03758,2025-04-08 01:10:15
3,0.882638,5.18691,2025-04-08 01:10:16
