Page Views,Session Duration,Time on Page
5,11.05138124,3.89046007
4,3.429315699,8.478174487
4,1.621052046,9.636169627
5,3.629278955,2.071924676
5,4.235843279,1.96065383
3,4.54186782,3.438711548
5,1.949558016,2.119271472
4,1.685739755,3.478015701
6,0.033268033,5.28551908
7,7.833741755,4.060115223
2,2.773784434,2.973652787
5,0.681281294,1.499008557
5,7.562350901,9.688591918
6,7.392909563,4.981015475
4,13.58023187,5.802188906
6,6.21576716,10.02890318
6,18.3366796,2.984756678
1,0.841865914,8.30362448
7,5.540223444,8.793492245
2,5.195296488,2.889980024
11,0.787760269,11.69293807
4,0.310877893,4.164912574
3,11.65038153,6.025224139
8,1.053035393,3.72750665
3,6.141313178,5.083885619
3,0.012407085,1.336264957
5,0.063746928,7.05303439
8,1.881355422,2.107742851
3,0.818241206,15.0222197
2,3.512013371,1.552828446
5,2.501122171,3.296032106
3,0.241957522,2.638993032
8,0.53246165,0.966023815
10,1.473310519,9.004402387
3,0.61592587,1.951268458
2,4.713860245,3.869525945
5,1.613923709,1.687480629
7,0.294267273,7.17173107
6,1.986939821,2.992466163
6,0.285696546,4.219468464
2,0.414123974,3.279772549
4,0.821770796,4.612913658
9,5.888235,8.652438902
7,7.755342687,3.300934784
11,5.250546843,5.276812813
8,1.219744672,3.061934986
3,0.954202987,1.425644129
2,2.389899634,4.23789787
3,3.838818316,1.593548073
4,15.0497133,2.873870683
5,0.423207345,0.727810446
5,0.151644923,3.97019724
4,3.556001669,3.154549987
3,5.355408459,3.834073321
8,5.619210148,3.910938078
2,3.403933092,4.879187494
1,9.238372528,5.415281971
4,2.146207593,14.33851631
5,7.353770371,9.84027064
4,10.30849747,5.316899879
3,5.635041055,2.769737315
4,1.112141503,2.814258945
8,0.655272806,0.370603051
2,2.383016295,1.586549521
2,1.810000329,3.079790782
2,6.305266175,4.219020148
7,0.316187119,18.23996376
6,0.894167326,4.770245176
7,4.180548461,5.464398173
6,0.299416735,1.380698487
7,1.160361754,2.253880627
6,1.468931618,3.09611905
4,2.923299627,0.989993628
2,0.516398441,4.681621703
3,5.911319979,1.962131629
4,1.780134878,1.22331653
7,7.467528883,6.36347233
4,1.892601889,3.103389527
3,0.964917466,4.377897111
2,0.458855097,1.24304707
6,0.011256375,5.900334031
3,2.278870638,5.027113599
5,0.340032558,3.71491664
9,1.49139822,5.792328942
6,2.669470508,2.260658974
6,0.96759041,2.650401069
9,0.577931397,2.572884453
4,4.471255226,0.79193609
9,8.800592886,2.99751001
2,0.317549966,3.493775652
10,0.507352514,2.134253607
6,9.657576919,3.107007652
9,0.115549655,3.276242705
4,11.40041688,5.553548993
1,0.013965907,5.755733748
6,6.20654132,9.081799797
8,1.10158388,2.270526196
6,8.370491992,7.478524876
2,1.143540954,6.619431042
3,3.186606655,1.121857386
5,0.250251034,6.971477092
3,0.832521286,1.12639772
3,4.457407393,3.790101093
5,2.25669129,7.826826067
6,7.891978665,0.424393942
5,1.679792406,5.162229295
3,6.116335588,1.248632588
5,1.787818792,9.227409199
3,11.62537824,6.473043948
3,9.644231724,0.914021059
6,1.19756969,2.398132927
5,6.512662491,8.233772652
6,5.643963817,4.468721982
2,0.709751901,5.685964729
4,2.93681633,2.644228966
7,0.226377211,6.688997323
6,5.436695792,10.67944941
5,0.5754648,1.421380169
4,0.220341299,2.521880288
3,1.533572549,4.47407384
3,2.580597142,3.058990148
7,5.791347003,4.398518979
7,10.97709127,5.067110645
6,1.736738034,3.072196814
6,0.1870529,2.179539054
7,4.14828876,3.784863276
8,2.498422852,1.0710392
6,1.782031239,1.987983514
3,1.110013939,2.725889502
7,2.093867337,3.551557937
5,1.24055053,8.767249214
5,4.244228026,0.668978698
7,2.355088125,3.643817953
4,6.283002241,5.672679926
9,2.352788346,2.934160623
4,0.816459471,2.252288265
5,5.713277468,3.275800365
2,2.444040268,2.296890371
6,0.695194863,1.492004578
3,2.930573927,1.815168733
6,1.328177689,1.844325298
2,5.58150821,14.26480293
3,1.811563785,4.103969067
5,3.888717802,3.141011093
3,0.301239017,1.556128492
4,1.512664171,9.791441186
5,12.26653769,5.452240456
6,4.957980379,5.936922227
3,0.522848749,8.897551138
3,0.976210177,2.310208059
4,1.200608077,9.049868247
5,3.152601387,4.376876323
4,4.24401681,7.275034714
2,4.153207761,3.549808344
6,2.139278679,2.35352117
6,4.995177538,5.883734969
8,1.723843053,1.346004107
1,0.396758569,5.419541377
6,2.493380843,0.207017382
2,9.128558726,0.846540305
5,4.72501745,1.740479856
2,2.593234942,3.016579317
6,3.122210509,6.081979543
4,8.001964201,1.934706396
3,1.677647275,4.803429497
5,1.207681617,3.116233382
6,11.3484583,7.008283027
3,5.97304244,1.586454442
4,1.170445162,2.664499798
8,1.869635605,8.023780429
4,1.608830984,1.436848946
10,0.484366763,5.274311468
4,9.497379219,0.557270606
5,1.554116888,8.505160283
10,6.246233023,1.756233587
3,0.629779699,1.909935826
4,2.381361968,1.046237142
7,0.072759387,5.003371014
5,4.334574493,3.83193797
10,2.60903666,1.523506714
4,2.947208139,3.342979663
2,0.159319177,13.33602859
3,0.71111262,6.910315317
5,0.231715265,7.983271936
8,1.022887033,1.864586258
4,2.96206355,1.628082142
3,2.505418116,0.663175408
8,2.841408456,4.301892388
6,2.390535712,2.726465352
8,0.956605233,8.402272184
3,0.841156263,8.00141814
3,0.442229246,4.917496225
5,5.672834768,1.161455216
11,2.875085507,1.073812166
7,0.619268669,0.341887963
4,0.585160563,1.559234261
3,6.191545676,1.160473246
8,4.072897558,5.168079938
8,3.231131428,2.595962689
3,1.566995236,2.170248239
3,0.911335033,3.120682956
6,11.65479442,3.519864491
2,4.787190508,2.014428472
7,1.077659781,2.683800535
5,5.643047001,5.53881741
5,4.268028043,6.247581499
6,1.057538922,1.141330562
1,1.668268522,2.918301478
10,0.617213167,9.027136636
2,0.353151113,9.169156549
5,3.848637163,8.427336657
4,0.933924377,4.560344051
5,5.145384877,2.794543368
4,16.28439777,0.408304231
5,0.23914268,1.388833392
6,1.921864151,3.167497505
1,4.859412763,5.672978403
3,4.666993364,4.863526558
2,4.281313546,1.077954845
5,1.287713571,2.285622245
4,1.814602731,8.674680382
7,2.711370255,2.900913518
7,10.9421283,4.910351437
2,1.190470384,2.395231542
6,7.697460831,0.633561235
7,0.941490596,3.961049127
2,13.54995784,2.80017644
7,3.328385985,3.001540945
5,1.868130347,3.579698962
7,2.85101986,1.499107639
6,0.954552375,3.437920074
5,0.961334298,1.550935479
6,0.361607048,4.933953994
5,0.363285298,20.0212847
4,1.281622139,1.895128806
7,4.317256577,8.746138672
1,2.80925967,3.169156083
8,0.324709142,3.545783448
4,5.736427276,2.892015115
5,2.759146973,1.853439804
3,9.72149194,2.237548302
7,3.327674415,10.75544236
2,0.577751613,1.498222682
5,1.926126877,6.633625657
10,3.136616199,2.496411124
7,0.086015513,0.517605415
7,0.045067619,3.408635542
10,0.415728289,13.63962071
1,0.869711356,5.90091089
5,1.683984658,0.209127312
3,2.005015278,5.504601131
8,0.445596113,2.699797958
7,3.356979946,1.20327861
3,2.720046589,2.402637131
1,1.046392864,1.266106876
5,0.041262114,0.572741948
3,0.242484773,1.722424782
6,1.491235527,2.05062565
3,0.501616806,1.998384892
4,1.418757736,2.35345073
5,2.968057253,1.881070385
8,2.377162243,3.280392214
7,0.788679157,8.616289797
5,1.263971802,0.644302448
4,2.855996213,4.357585118
6,5.916716777,4.323490699
8,4.197694321,1.295974929
4,2.418275999,7.360139157
3,1.349629038,0.673726946
2,1.362633106,5.528478252
3,6.346258619,3.578504027
9,0.120103089,1.235251885
5,13.26421013,8.725271739
4,3.275286114,0.627118185
7,3.428987784,7.593991678
8,0.116215741,1.902036146
4,2.790631047,2.707655757
4,1.98947256,1.17401266
8,0.33540668,2.04213062
5,0.976866383,6.108036618
5,6.6304131,4.202479922
6,2.395445862,10.21244597
7,1.600321138,1.372679456
2,0.226376695,2.413296505
1,3.756565438,4.436431522
7,3.640562964,4.452984315
5,2.856092662,2.583004418
4,2.141658133,1.045512406
4,1.706341075,7.812038667
3,2.698825175,1.37532703
8,0.797352579,1.958779602
7,8.503855265,2.598160573
1,2.665986781,4.128671031
2,1.11838007,1.239293758
4,1.791765242,2.526628101
6,4.914820917,5.83724341
4,0.528837366,9.15937315
6,1.03947642,1.691866096
8,3.413694105,0.594506407
7,1.137152598,4.34690697
5,4.717896134,0.7730915
2,0.419350359,3.940186226
1,4.315115515,2.777165188
7,0.212399736,2.617454853
4,0.038017715,1.306244472
1,6.854928694,10.41547871
6,2.612082822,2.297362733
5,1.300792453,5.418335299
8,0.794220338,3.473259751
5,2.878266355,4.891406796
4,2.133946795,8.43677391
10,14.33777637,1.312369931
7,12.2619853,1.613104655
4,3.023775696,2.096672242
8,1.754872745,8.334458771
5,2.026752762,5.725969783
5,3.441634589,2.854758956
5,0.321334624,2.512742806
2,1.194062985,2.178513118
3,0.234767698,4.313047966
4,0.228572874,8.050592305
9,0.653868246,4.563618804
0,1.992240767,3.300227848
5,4.608204397,5.059560529
5,1.993655213,1.890173686
5,1.226055609,9.069597697
5,0.25782745,9.055312572
4,2.39749389,3.145491105
9,0.949350139,1.746818773
6,2.863022979,1.746603375
2,11.34137139,2.458419805
6,0.35403502,4.064775167
6,0.715249012,0.505146668
6,1.922202407,2.766064942
5,10.38416239,5.946264438
2,4.43272705,2.338076626
5,6.855095957,1.56601603
3,1.218112634,3.832732638
3,14.49940368,2.818959229
3,0.325539159,5.038873368
6,0.163282728,1.06922354
6,5.805558737,3.92379441
4,7.862792386,8.053915466
5,0.284862409,4.039796444
5,0.361176876,1.715552636
7,0.101210703,0.257339681
5,0.331144508,1.428034328
3,0.704964582,2.568988402
4,10.52734538,0.640532611
7,3.306598144,3.043895788
5,4.522716333,2.530810379
7,4.490195276,1.11504892
8,2.297629463,4.678400742
7,4.790882889,5.452857024
5,2.717592328,9.591394006
8,1.133022087,2.636885612
4,2.470520144,0.998782825
6,2.287546993,1.195085769
8,5.202505361,7.352477028
6,12.00702784,3.461222823
3,1.588204096,2.820098544
8,4.324034791,6.479232666
4,0.315291664,1.819372053
7,4.499482807,8.413692091
2,1.392861178,2.04612436
10,0.120560848,6.033490865
6,1.354116491,3.343995628
4,2.829773936,3.644371365
5,0.380944956,2.617799748
6,7.732427668,8.3392635
4,0.242564455,1.586114268
5,7.978068117,6.762421624
6,3.684156374,1.32038281
3,1.20014421,0.487403329
7,1.486581472,4.575833142
7,4.050574334,2.986751161
8,2.759925791,3.224841102
4,3.340960826,0.823106748
7,1.478783333,2.9889362
3,2.007199281,1.905431034
4,13.77601687,11.02958591
4,0.722101087,5.069309677
0,1.623113279,3.401470318
1,1.035184444,6.16801505
1,4.34593317,2.452759966
7,4.331930922,3.52639315
5,1.037821697,2.386727731
5,0.254681897,1.980368421
8,0.034495596,4.024737292
3,1.672968427,6.141878722
5,1.584615299,3.134555749
3,13.36763409,1.541855598
5,1.9035147,2.687957087
1,0.888830181,1.934396256
7,6.655543737,2.409601036
2,2.026322303,2.046413883
4,2.742695822,5.136301194
6,0.301678545,12.80147015
7,1.448252345,2.332391042
9,8.65921732,3.384335095
4,2.671177399,2.062480964
1,1.267079418,1.750778661
4,2.947829958,2.067491132
6,7.237571203,0.314038741
3,0.960576952,5.072772622
4,2.110300017,0.93427268
2,9.559999521,4.440053675
6,0.567662019,3.207502056
8,3.815298389,2.91613722
7,2.859494465,5.223592211
2,3.415258749,4.223186087
6,1.297983101,4.998269234
9,1.130105479,4.909407585
3,3.4580304,4.880486115
8,0.728291651,3.700110175
7,1.632396255,8.955681608
6,0.62541013,3.632154922
10,0.025018555,11.82438278
5,10.52541519,1.80038714
5,1.695333216,1.196587251
5,10.45533011,5.251469916
5,0.453597439,0.327198561
4,2.655588499,5.60620716
10,0.673085502,0.736712968
3,4.683002388,2.961305553
2,4.593308291,5.585758823
6,0.358402489,0.828145316
4,7.293453456,2.714623465
4,0.649359125,5.925250856
8,2.847816116,0.365810605
5,12.72859359,3.745821535
4,6.421310333,2.062483746
7,9.409395132,7.440879058
4,1.258382246,2.35323792
2,0.33472483,12.96431643
2,0.626046642,3.377321505
3,2.082412383,3.069837449
3,4.728439976,1.925624694
8,0.488099111,2.431642733
6,3.234061086,5.340246996
0,1.172812656,2.599769344
8,1.252015279,1.856067682
5,3.253398034,0.914731878
4,1.887698297,2.226469084
5,5.014471267,5.131792939
7,0.50851871,1.829128578
6,4.681204332,16.32290146
3,0.199173502,8.343286107
4,0.647215163,0.358837972
2,3.202646799,2.532268591
4,5.791526863,2.143944168
1,0.873783922,0.556033141
9,1.188884082,2.210918539
3,2.310867163,2.199760346
1,0.713145637,5.517536412
5,5.00050616,6.461177333
4,4.456841416,5.626578126
6,0.470985156,8.166845135
5,1.869910512,3.335884109
8,4.472669064,3.32845172
5,1.234432328,5.268935816
7,3.00805363,2.229985485
4,0.154552974,3.86127806
1,2.81475608,3.721134082
5,0.49693489,4.296920724
4,5.3261822,6.733017067
3,1.317606144,1.634691011
2,0.991993625,1.681804785
12,5.514459182,12.08349527
5,0.154334727,1.635528335
10,1.515568606,2.324713471
6,1.386123239,4.610230194
1,1.005580735,0.431941819
6,7.282892017,2.063063187
2,4.170044543,1.164171833
4,0.198173149,0.887592644
5,3.762510093,6.638986577
8,2.247877522,5.649883602
4,6.933905755,1.406252623
2,1.126025491,6.854873678
1,2.561088857,7.175534731
8,2.083976616,8.168886876
8,2.017451867,7.289645092
4,1.8269994,3.931784481
1,0.690615813,2.280971104
9,4.228196753,5.614024144
4,1.800807319,2.441558899
2,9.547362292,4.07025871
4,0.906594477,2.199124677
3,3.444137264,3.066732517
8,8.476302106,1.121853834
9,3.26709985,5.358929094
4,6.150182036,4.255955912
4,5.271743011,0.792227047
5,1.33941315,2.456323635
11,2.749801889,6.102849998
8,0.50973743,1.410717462
6,2.300548332,1.451157998
2,0.785738789,2.682372422
8,4.084650888,1.841087133
7,2.252700229,9.130285328
6,1.589145554,1.834258587
5,0.939192863,2.06542489
3,19.93267164,0.188309106
5,0.223234968,2.605130186
3,0.133613797,5.557134104
3,0.73485412,5.218668994
7,10.62888345,5.404504099
4,11.62391698,4.935170438
4,3.192004258,10.28372383
6,6.363458475,3.995125686
6,0.722249398,2.026807168
3,10.73116579,2.152462893
4,0.462199026,2.519294356
6,0.319834521,1.67847273
6,0.357065353,4.289220612
6,2.55381269,5.799863509
6,4.555699993,2.261834787
3,1.370277629,7.039498418
5,11.43598842,1.091149452
2,1.70971131,0.428272649
5,0.489140327,2.194252587
3,1.881891518,0.494582769
3,3.409289828,1.527054525
5,5.355408405,3.645431128
11,1.841723377,0.708657769
7,2.701302538,3.414782126
7,0.933239891,1.882114876
4,3.114667778,4.905288054
1,12.80008785,0.853810452
4,0.150892653,1.882119734
5,6.528668115,1.643101105
4,2.478544681,3.65691555
4,0.871452623,2.046011282
7,9.295934697,4.819333441
6,1.981193835,3.733268039
8,1.209010553,3.096045273
4,0.600836954,2.567608101
3,0.84093673,9.548385899
0,5.366573797,3.387571947
4,2.858942023,4.182923861
1,7.334023097,4.123284819
4,0.791773406,2.063405403
3,0.387384129,0.421250361
5,0.018318407,9.033040065
6,2.126988571,2.299828638
6,19.14363617,4.02973372
4,3.561988908,9.397374059
4,1.106219117,2.125564079
5,6.283265558,2.702707577
1,4.565961053,7.329865601
9,0.046605645,1.950059613
7,5.092521046,1.185222484
5,1.072283213,0.662854192
4,0.486404532,15.27774418
5,0.769832815,8.675913616
4,1.896606725,0.218927192
1,1.659466718,5.42036866
3,1.022773055,9.181610398
7,0.567017501,3.098959491
6,4.30936434,2.375374489
10,13.8486278,2.516002091
4,4.512418532,8.286734015
5,1.052662177,1.569542784
6,0.842353591,1.597971773
6,0.736420084,1.57907885
8,0.440961955,0.126678625
4,2.40440656,2.454699278
3,2.789650884,7.519666599
3,3.667455931,4.517620226
9,3.420303869,4.973141644
7,1.037346224,4.086094249
2,1.202825585,2.762675601
2,3.432535327,2.86858136
4,1.289800481,4.169699529
6,0.717145055,2.168847911
9,1.406826117,1.467398688
11,0.952709516,2.348153776
4,0.277374731,1.007076825
7,5.318322744,1.677029166
7,5.754242186,6.638585688
3,0.744423848,2.718704156
7,0.200895427,4.061434729
5,4.027721792,4.541280781
2,0.712977532,3.315598387
9,1.499832573,5.935198757
6,0.19885294,1.938400727
3,0.7695953,4.189476221
6,4.723693535,1.315052517
3,4.894996069,0.229859754
2,0.69611709,1.84650737
8,1.22803016,2.86015828
4,0.432437157,1.398357618
5,0.231202463,9.031336937
4,14.55003526,2.962171481
3,3.19780183,5.103537226
4,2.343290508,7.753619465
3,4.350879889,3.355275997
11,5.499191484,1.943676716
6,4.930764886,1.177187519
5,0.050033259,0.682661987
5,0.620363729,5.447255671
5,3.191809239,5.882262926
3,1.413657973,7.975180224
6,12.13369056,7.04402132
4,3.284501442,9.70128077
5,9.408357936,5.91338323
3,0.67485987,3.78541993
7,5.98435342,2.255782293
3,1.162959438,3.034358557
6,13.68771409,3.320067856
7,0.514816755,8.782333224
1,2.179118172,7.198770264
6,4.72285717,1.620715678
4,1.700296885,4.216836409
2,1.89380943,5.191202248
2,12.88332128,4.800778579
5,1.661763886,2.432419124
5,2.77956947,3.19510358
3,0.168250016,6.408842255
5,5.539472257,2.556478474
11,3.133804888,1.389461929
2,1.552645026,5.118529117
6,0.04890508,3.020125557
5,2.687030159,6.903995903
3,0.038215864,3.412665935
4,0.003613017,0.102908269
10,2.872108295,4.044414241
1,0.62852481,4.393643437
8,0.639162177,7.167126058
3,3.177640248,1.746011434
5,0.165577992,2.236010886
4,1.128034494,1.797174379
11,0.485552407,6.830538607
3,2.603761752,1.228754813
4,3.252044449,5.245660068
3,3.831091639,1.652763706
3,0.884044401,3.220612641
8,0.280459711,0.743051374
1,0.245855472,4.98970283
5,1.666169818,2.892379178
7,8.747682185,5.634663643
3,0.736662285,4.910241559
7,0.890134552,2.326734227
5,0.319045685,1.710609349
7,2.790942866,3.43175196
5,3.417111279,2.08235095
7,3.089480465,10.71673503
5,5.922656356,3.348669273
4,1.999082489,7.499378056
5,0.433194811,4.096955476
11,1.024958447,2.849958506
7,3.257946912,1.615457294
6,2.84893744,4.351573405
3,2.271477551,1.381755565
0,3.446223803,3.699365146
10,3.043289243,4.443160263
5,6.394097049,2.756716975
5,2.645786595,5.63955697
3,4.523371187,2.160461192
4,0.857879293,6.196473623
2,3.401312781,7.454386412
2,6.974311694,4.258929191
7,1.461973493,5.560523214
3,4.530192374,4.846905858
1,3.870654892,4.233456594
3,0.184114454,4.22522503
7,2.613294735,1.228158615
5,0.418439201,6.582763687
5,10.26290004,3.173374521
4,5.004500072,3.451759403
5,0.348670586,3.040784495
5,0.389478787,1.675768736
3,2.707709794,2.765682261
3,1.268852574,7.756455818
6,0.106588881,1.828669941
6,2.340311001,0.225583215
4,1.47230977,0.670125272
9,0.319672003,2.458751806
6,4.857258809,0.566132477
5,7.398022654,1.758211481
5,4.239072531,6.936113614
4,5.185041227,9.170584491
10,0.731916534,0.787049884
6,0.917835296,2.980979881
2,0.701580586,2.608252824
4,4.345319166,5.790953605
3,8.864754584,2.014743292
2,3.785199917,5.702744842
5,6.397685678,9.246031304
6,3.054132407,13.68943989
5,1.471402298,0.474316042
10,1.664131992,3.912895492
5,0.234927288,3.507485288
5,0.0958878,6.925161644
4,3.567012232,7.86257709
4,1.73105062,3.316048891
3,2.410326673,9.927656398
6,2.447037847,2.967770557
4,0.974597967,1.57368289
2,1.938175451,5.735960729
9,1.908941048,1.157766066
5,1.475163942,5.517503514
9,5.155672845,5.696601767
5,1.799866841,6.916473761
5,2.776331415,2.973164095
1,6.776282297,6.479966111
5,6.034981364,0.38390755
8,6.633361543,4.716308439
6,0.944152768,3.824982869
2,0.106827093,7.575048449
5,0.907643263,13.61465526
5,0.98013097,10.78251722
4,7.202589801,0.817514166
6,3.142982524,3.530392639
5,0.255706369,2.121120393
6,0.436390653,1.428473711
5,0.507657361,4.634242626
4,2.98617835,1.841314495
7,3.988767105,4.03998825
5,5.890717769,2.684361654
7,8.472229726,4.705387302
6,0.675829564,2.084484108
4,1.11220201,6.742278267
8,0.824585337,2.853615687
4,1.333061765,1.813395949
3,7.383515553,3.248230484
5,2.567793026,5.111094379
10,4.020430428,2.032039463
6,2.020735131,3.418235
4,0.087847473,3.085623562
3,0.199046031,1.410347465
3,2.316071408,6.540207333
5,3.805950377,7.754137658
2,0.727478112,5.104160427
6,3.839426834,8.802778389
2,4.992724294,2.486164336
5,1.592561969,2.660900463
2,4.116218696,5.001045592
6,1.552694596,1.844890192
3,3.402879714,0.600382054
5,4.331732913,7.516459464
2,14.45754852,1.992582077
6,1.271177453,7.347503766
6,1.588195004,5.570132213
7,0.543199248,4.969958642
6,0.684743638,6.24121016
6,3.54658504,2.394115272
4,7.468392303,7.38967523
4,1.505622185,9.965892335
7,0.594783773,7.295669483
5,1.006835718,1.464921589
5,1.82119308,4.260066703
8,1.030220057,1.130111228
4,0.798071281,5.644779151
2,3.995242269,2.70520584
3,0.023627564,0.602693928
4,2.324572261,2.478843579
6,4.736243237,3.603001744
9,0.928671947,1.935114155
3,2.773660655,7.460322506
5,3.31600546,2.159173792
3,3.192847345,1.868697966
2,1.770957632,0.531464657
4,1.276596275,6.371559823
9,5.422277967,3.890281483
4,4.261986151,6.933823217
5,1.162530089,4.04899829
8,0.326162447,8.666665972
8,0.223548544,5.410699554
5,0.297061892,4.971894324
3,2.623067471,3.530154628
9,0.159133457,0.44735529
2,1.232610002,2.05567889
8,4.197527337,1.699841191
7,1.045899951,3.471933997
6,4.322987662,2.438211664
9,4.104974806,6.782206626
3,0.846401011,6.241495328
6,3.914941534,2.86749538
7,4.132320684,3.89030056
7,1.519773434,1.962339229
5,0.708764199,5.442528618
5,2.209860601,5.020236739
1,7.630058679,10.43653859
7,3.061761545,3.354205346
4,0.56957062,8.308488578
7,3.444261,1.281164724
5,1.671671845,3.842829036
5,2.686001588,2.812136867
3,3.973499197,4.080773263
5,2.170493521,4.541662677
5,5.045767352,0.933465059
4,3.842081879,6.793931683
3,2.864107369,6.787871828
3,0.490356268,3.089149796
5,5.4227358,3.217205729
10,8.24219416,4.532645125
2,0.441900528,6.579452445
5,2.009705162,4.451741074
3,0.898813558,6.165049455
4,4.213659825,1.75726484
6,3.836408422,8.524902479
3,0.455557889,2.425418992
4,6.287377997,5.05502632
4,0.59891492,3.550120926
5,4.787478309,3.920297832
8,1.831829369,3.671376656
5,1.193706658,2.999590101
6,0.516778395,8.967515643
3,0.550377934,1.56167817
4,3.2531569,2.7670995
5,2.398393715,6.91278119
6,0.390617944,6.87437441
7,0.358709171,4.210922156
5,0.22517482,1.796633145
2,4.085008344,4.202028417
6,3.733156369,1.841668395
4,0.18062291,1.377693794
2,2.464783646,3.836196361
4,0.265432043,0.796357859
2,7.022287095,8.220105932
3,7.129257466,2.148944178
4,3.594300146,3.00687182
7,7.818739328,2.073955907
5,5.005224383,1.262660355
5,5.290190911,0.190798473
7,2.529872651,1.553836821
9,1.096105866,8.503792481
7,0.736931056,7.591828471
6,1.188921609,0.698398836
6,2.970582341,8.213530972
9,0.56860607,4.082688253
2,0.897807783,1.203954509
3,1.8936786,5.414502455
9,0.796001392,3.181636304
3,2.664886369,2.30930065
8,7.698715674,2.46281022
5,4.136042641,5.27078863
4,3.293677171,5.743321678
9,2.622004071,1.787608823
2,2.007986758,4.642438917
5,0.619463566,4.319798431
10,6.75312347,0.068515468
5,0.857195933,5.988554334
4,0.287250126,1.823728578
7,4.15906524,3.187003317
3,0.57935482,4.19306206
6,1.395148561,5.889094003
3,0.086077961,7.70817215
3,0.442257958,5.615400561
4,0.570590528,4.813500624
1,0.167839028,3.869994369
2,3.207075615,2.546246312
4,5.442158719,7.394133181
5,1.401935716,1.750777666
8,6.228177247,5.663944993
7,0.719902506,5.29198492
7,1.180863482,3.746355111
2,0.490159069,7.447491568
6,2.907170031,4.145950496
8,1.633507072,3.911168612
6,2.850189049,4.690626846
4,4.302358781,6.402000013
4,2.367012435,0.328570691
4,2.963604745,11.07541224
1,8.211679302,5.907398497
6,1.066017408,4.238077834
8,1.334944828,0.483464797
7,3.794390556,8.43242324
7,2.834884904,2.57983508
6,0.58999019,1.273983664
6,1.415523037,5.844368735
4,1.892422048,2.026631355
3,1.631027175,7.055173056
6,0.58904777,0.820836498
3,7.748091344,3.369811794
10,4.310474514,4.242693299
5,1.969611726,3.681597153
6,3.418875045,1.917699797
6,6.827323359,3.641566684
4,0.439152252,0.546002894
6,0.864538791,4.215996772
5,2.347255127,2.609143553
3,4.813505913,5.142598676
2,0.110785301,4.330010178
3,12.40890476,0.929537038
2,1.820394384,2.89379656
8,1.335259443,1.286938454
7,1.039004779,3.702190413
4,0.574777345,2.624259968
3,4.70451234,5.568310756
3,9.331017197,3.859289093
6,1.601488358,2.630837546
5,9.136072128,3.754019898
1,5.208366097,2.187169435
8,1.967849737,4.5891749
9,3.362814615,3.864829791
4,1.71270464,0.332826847
7,2.454250224,13.88265279
3,0.179397587,3.310659587
7,3.574783945,2.382783297
5,0.1628131,3.185406883
6,5.096200274,5.185204653
8,5.227998272,2.964311074
2,0.811795641,2.782074586
4,1.173190448,1.254665874
9,1.96934882,2.158186436
4,2.723947822,3.981381641
4,1.016310003,3.588964331
3,2.693042952,2.189102431
4,1.060555819,4.280078157
4,0.171269304,2.169669397
6,0.007592248,4.284501677
7,0.319920862,1.110684347
3,4.714269646,2.900586016
6,9.7659436,2.365593358
8,1.670431725,7.623073995
7,2.1565272,2.377260386
3,0.476453253,6.496031161
4,2.402406664,4.019969352
6,0.468750804,1.426578081
8,2.834181201,6.500456486
3,8.120792525,5.821393442
4,0.653343387,4.624260867
3,4.338944901,4.575273264
8,0.071349029,3.690304511
1,1.412398596,4.995924668
3,0.35212557,6.308064532
7,1.303795674,1.026282058
5,0.571800098,7.040877469
9,1.401885853,7.807379812
5,1.621395739,1.317407544
4,1.072559285,2.432555247
5,3.206769752,4.338799247
7,7.534443788,6.033240573
3,1.53545522,3.515315029
6,0.640854028,4.61220454
7,0.947103945,1.828706505
4,5.772462893,4.117416666
4,2.543372008,8.363161393
4,1.820969182,3.866233219
3,0.486274903,5.506662868
4,1.792023962,2.018504085
2,0.979235452,1.730508748
7,8.602710019,10.56437726
6,6.464308986,4.372778695
7,0.262897574,5.856295955
5,2.181064407,7.317968459
4,0.764902611,1.053341715
5,1.586852133,9.166247466
4,6.2830077,3.915379514
7,2.249244787,10.21838447
5,1.220366772,1.434935301
6,0.69915879,6.577595892
5,4.83319059,2.340681628
2,2.938634358,3.11098325
4,1.893704529,6.993846776
4,0.735724085,2.498128981
6,1.220506824,3.682884111
11,9.644907403,3.707890059
6,2.202469688,2.551275907
8,1.535975317,2.390425833
5,2.210808481,0.745119243
3,4.528621708,2.947961126
5,1.247041539,4.342289833
1,0.590622843,2.927794642
8,2.637968517,4.557206982
6,3.282702591,15.48708465
4,3.741872933,6.807915677
7,6.410896491,3.637175185
1,1.391702646,5.90731732
7,0.23503586,5.936345778
3,9.535259713,0.473155938
9,1.712851976,8.886040074
4,2.928580123,3.662978097
2,3.292586536,4.377659838
4,2.372370716,0.408083359
6,0.689211461,4.635829517
2,4.221243351,4.047280223
1,4.885127948,1.904083902
7,2.415426205,2.690733089
7,2.011581815,2.126797139
6,0.36290568,2.368896137
8,0.263058433,3.785767838
7,1.244569009,5.291813218
5,1.116872239,7.590219658
6,9.215019528,4.484768428
6,4.592195496,3.375498276
7,3.235761075,6.064113247
6,2.187243977,2.857985912
3,0.549488843,2.919372913
3,11.51306737,3.00868001
1,1.410206246,1.326299233
5,0.339256169,4.696597367
3,2.042463748,3.899989317
9,6.214372774,2.661398959
8,6.548838057,2.056232296
4,0.033079455,3.087430395
2,6.522463361,3.134729089
3,0.950237968,6.768647664
2,0.119256339,2.397866894
4,5.647487727,1.905847307
4,5.982363412,9.596402788
5,2.720737633,3.066190482
8,2.563003983,3.557578956
6,5.031870114,7.62724937
3,4.629680457,4.892272825
5,6.624702668,3.697820895
6,2.413895549,8.494369459
3,10.29315418,2.584486542
8,16.67657801,4.645258794
8,0.371743443,2.527273902
5,5.682248995,7.652541275
4,2.078375278,3.899837754
2,1.47094395,0.162224197
6,2.848552352,2.320079986
5,0.172777883,7.274261675
6,2.11846091,0.62143938
7,6.14128482,2.429740119
3,0.720340881,0.597210957
9,1.667416118,0.668727802
2,8.414388175,1.490851817
0,1.678807513,4.355336486
6,1.331219326,1.303676063
4,1.742331765,11.52798876
6,2.198489264,4.847626989
4,2.998946459,3.646858763
5,4.838723792,1.063168625
2,1.804999549,0.742665651
5,5.102701938,2.919532227
4,2.288911156,10.48324902
3,1.239647499,1.314910238
5,3.218402324,0.963395622
3,3.794591341,6.725761862
3,2.449668623,6.588457264
4,0.174842339,4.141750496
8,0.558565422,2.194438192
5,1.007667648,4.98031512
4,0.996472222,0.957864633
4,3.357248363,3.685738843
4,0.055557259,0.589715782
4,4.227851133,3.506291891
7,0.925052521,6.881434054
8,1.113286029,10.6893614
7,2.251755807,2.283395573
3,0.729754099,4.327456845
6,6.474709238,1.998757121
6,0.267702997,5.051853566
4,1.76302477,6.356847003
6,5.679827538,4.999269263
9,2.870118852,2.070945354
6,1.037330134,1.471940842
4,1.638116215,1.682743856
6,3.679620429,3.501575004
7,10.86486752,0.876334148
4,6.708671157,2.245409438
3,1.257624983,4.916652443
4,18.9563734,4.051324811
5,0.010532458,1.241465082
3,0.084055912,6.437025125
5,5.209096591,2.907952992
3,0.667416406,7.602310792
5,0.188082328,2.017986756
5,0.812074001,2.110078024
5,1.665901147,6.297714088
6,3.934298461,0.972428017
6,2.937176675,4.99103744
6,0.813935271,0.584795041
5,2.099128686,1.833863739
7,7.819763087,2.326844514
3,5.062324478,4.807228534
5,1.171093132,0.227176218
7,12.09657137,5.320568409
2,3.699385188,2.18355994
8,0.193453506,8.151208132
4,0.107381201,1.911817525
2,0.553239845,1.891102758
5,3.904270368,0.831353816
5,0.609063094,3.592434486
4,2.14916617,9.977815436
6,0.293698985,2.678701799
8,7.610602271,3.676773623
4,1.264603355,0.624590105
3,7.162209392,5.251746095
6,8.69449077,2.468613054
4,0.018442514,2.16964159
2,1.871620094,1.559381049
3,0.07489532,1.876248348
1,7.180575794,4.958674508
9,2.191971153,5.958808885
5,0.233703049,0.508047259
3,0.350534386,1.082672114
4,1.451134784,3.414649987
3,8.451964706,1.106803014
4,3.541834956,1.36244456
6,6.066210419,1.635208725
4,1.369280539,4.297486206
2,0.132525642,7.666113086
6,10.98585239,2.77066242
3,0.05196647,3.510940806
6,8.849504759,4.926439722
2,1.379814999,1.658031888
8,0.030424975,4.59964403
3,3.505404189,10.70124688
6,11.81822948,1.394191278
4,10.11134025,4.384028095
5,0.526408498,3.5299285
6,0.599921437,1.33220588
1,2.5009467,6.189268016
5,3.042577619,2.000294139
7,4.03451207,1.189835119
6,0.599198062,2.122893732
6,9.583068225,4.680731114
7,3.054465899,2.090078409
4,5.632872192,0.303633978
3,2.330014977,10.39256813
8,1.604724112,6.630967651
4,11.34073594,3.827702722
5,2.617692748,2.309530554
5,6.049368291,2.470715458
3,9.191544927,1.419464755
9,3.375065557,3.511426392
8,2.388455943,13.1017075
6,0.010551085,2.999242421
3,0.122527361,5.499781595
5,0.672624414,1.79433705
5,0.617415815,3.791222908
5,0.882142045,2.00950028
3,1.091248174,3.373469032
7,1.339168325,7.946062333
3,1.636963972,4.165342444
0,0.312305053,7.74144437
6,0.129856116,7.932359789
6,3.362062532,2.590288205
4,2.312254951,9.217724025
5,1.761739125,4.379389438
9,3.018974081,4.150223524
5,5.275195876,1.977556563
4,1.674238678,6.827932458
3,3.074297153,4.617831932
6,9.209572124,1.881230254
2,5.490711938,4.962936051
6,1.665381884,1.184025979
6,3.104520502,1.126836188
6,0.584655771,3.276582855
5,2.466504122,2.420250184
3,11.94223739,2.56502266
4,2.191395434,7.679903233
4,7.878234342,3.753003661
5,1.569377489,2.415192106
4,20.29051597,1.256012526
4,2.596935693,4.364215257
5,0.129564983,5.084662936
5,2.651142449,5.333400328
5,0.962983237,2.723776333
7,0.099061647,0.674956946
3,5.158650846,7.881332997
2,0.96777158,1.198254921
4,4.776983692,2.754811376
4,1.019949025,5.406629208
6,0.648229572,4.687511271
3,10.94155166,1.705017876
5,1.346583712,11.77041037
5,2.759211578,2.701509939
5,2.82468326,3.851562972
5,2.466171682,4.027801339
3,7.384592777,4.754937769
10,3.36663538,4.844595689
5,1.551200198,2.250475284
4,5.949785428,0.102496747
4,0.599243994,4.24509886
7,2.357345429,1.008315856
3,9.020402228,3.474143419
6,2.945670486,5.012865629
2,5.094290218,3.808265526
4,3.180143189,2.404854039
4,5.485971214,2.870268267
4,8.673461703,10.87521453
8,0.956163427,3.320565537
5,0.557763977,1.012378307
8,1.984891764,1.419355488
5,3.630600732,6.43571968
7,0.773171033,0.850059169
8,0.012329653,1.956763313
3,1.259917521,4.600349271
4,10.40772232,3.230278394
6,3.562010465,3.252520683
4,1.539111422,7.505771372
4,0.6417194,0.442690359
6,1.320587423,4.71029678
2,0.558408429,9.481496265
4,0.337174933,2.629227638
2,7.117168285,2.48602448
8,18.16045185,4.172996058
7,0.537790694,3.18845116
2,0.168195751,5.28639563
5,1.200228943,2.885891879
6,1.857790279,3.578461975
7,0.687565029,0.906900992
7,1.076137821,3.499397754
7,0.672697691,3.068580119
6,4.465121708,9.330936061
5,3.740410687,5.779129043
5,3.023175302,4.013596729
8,1.469237403,4.597228195
7,7.192037335,3.252713018
4,10.4732883,3.10018259
5,0.5721718,5.281506723
8,0.756993595,1.872851029
5,2.237309514,2.138449864
2,0.28705763,0.650606255
3,1.720489131,2.645881105
7,2.615323814,3.220668961
3,2.214895419,4.28050596
8,1.205503743,1.030438066
1,2.345579834,3.436886404
5,9.568020554,5.221372647
3,0.692081213,1.481409148
5,3.191166495,7.746799378
5,0.133099476,2.174493291
2,0.206174308,13.23233754
7,2.407736076,8.902093019
2,0.332590824,2.062910999
4,0.067800784,6.455193015
5,0.564462391,6.719267261
4,2.496187724,2.559096259
4,3.645515384,4.180110233
5,0.678739698,2.238174383
4,3.310206159,1.339127131
4,0.604426272,7.968969534
5,2.851539798,2.979776998
7,1.592879285,4.330395962
6,3.182211657,7.607891075
6,15.92677174,6.85944309
8,8.333019208,2.44678762
5,0.012872852,1.890609247
2,6.49993737,0.404793497
4,0.206413366,6.306514257
6,9.175798091,3.220545764
3,0.993128858,1.175106603
3,1.443969549,3.11010656
5,0.288337582,9.132775394
5,0.35727223,9.323700648
6,3.892000874,0.957236746
2,8.665062115,1.853071683
6,2.830588805,9.508342455
4,3.774759198,2.30957814
3,4.30607247,2.369930585
4,0.91474625,0.641850389
2,0.138853256,2.928984665
6,0.005623499,6.650157151
8,1.295346937,0.63538309
5,0.82909596,1.369057709
6,0.19303234,7.420902775
5,0.593627553,5.22632968
5,0.398876607,2.136764719
6,7.391022687,15.11562814
4,0.453400954,5.131584712
4,2.31428933,9.482551429
5,2.697607378,3.317982821
5,2.352430456,1.98824141
4,0.312937975,2.709862453
4,1.151690776,0.879569273
7,0.157894144,6.142262985
5,1.510904191,2.608187884
4,0.626978433,3.942621233
3,2.474093266,2.251743353
9,3.540850805,3.866064636
6,2.278629382,0.565035293
6,1.70873844,4.281419173
4,1.469803223,1.387694051
7,5.529633935,2.513552505
6,0.742954543,2.223829331
6,3.975240398,4.135313164
2,4.250042051,0.846277006
6,1.630046484,2.204824031
4,1.058478221,7.486810212
7,1.907701399,1.159194907
8,0.293546153,0.760446461
6,0.141054806,1.88778593
3,0.355010365,1.629048659
4,0.621607727,10.70188101
5,2.104607725,5.552082709
3,5.674142181,0.706960271
5,0.806158343,2.718768739
8,8.20759078,3.898192482
8,9.297145237,2.609908538
5,9.575577611,0.311181881
5,5.452390234,4.547310043
8,1.356844981,1.119087296
5,0.226382373,0.477716969
4,2.523680104,0.561243423
3,2.453964945,2.418289637
7,5.690875336,3.52496899
4,16.55767846,0.542662289
4,2.128789027,2.387569745
5,1.270294769,1.477053291
3,0.617022518,5.813268149
5,0.014434143,1.951613603
4,2.134628193,6.107592918
6,2.432541659,4.301921279
5,5.227853469,1.308718174
5,2.107029813,2.897928437
2,7.447588983,2.342613179
5,2.967257548,6.364394922
3,5.504055492,4.676892312
3,0.481568891,3.258887872
5,5.800027103,2.93399408
4,3.373118471,2.66244256
3,0.559831139,2.504670041
4,0.631287511,4.169422852
2,7.831434886,14.31739623
6,0.098237089,4.005218876
7,1.862674596,3.304762886
3,1.12833918,4.348363048
5,3.281567814,0.48407649
4,5.490803444,2.553475185
6,1.340634276,6.853153621
6,1.670096099,1.866165169
2,12.03847918,5.929602842
2,4.59627125,3.225950979
5,6.825030333,3.289001604
2,1.732831842,1.163764784
7,0.800017792,3.494912156
4,1.592388469,2.968230717
5,3.777314243,1.946997505
7,0.347682079,8.755762238
5,0.946060686,10.12761527
7,0.143275176,1.479002586
1,1.698738789,1.870749495
3,5.271130554,7.049401948
4,0.074918797,1.917938762
9,3.374778179,4.124200192
4,8.086699694,2.403570357
5,0.811208119,2.855294839
6,3.548932673,1.899478667
6,11.07889148,5.148339257
3,9.832540185,12.91064307
3,0.803360674,3.268841044
5,0.317185261,4.051340115
7,0.481501273,3.550982153
6,3.632344478,0.54818312
6,3.881242629,2.216215706
4,3.364751431,1.435476746
7,1.228773571,5.228405558
4,0.558182601,1.772575521
8,2.607943006,6.731328389
5,1.983088242,1.241532296
5,3.915073926,5.786985519
4,1.746750484,1.209192087
5,1.240369489,3.969853287
2,1.042205265,1.690752647
3,0.712755697,1.792477551
7,0.926702321,11.73366226
5,0.298898977,1.509452968
6,1.277877603,3.288657566
7,0.111765752,6.284192002
2,0.618910362,0.612689575
7,4.120376604,4.481664644
5,1.181212883,10.04452973
5,3.310003415,1.326423896
7,3.785697575,2.534594122
6,2.610980407,2.214089108
5,9.560514276,6.540693358
0,0.065019118,2.817861373
7,4.025714747,6.301324712
5,9.566978697,9.312487542
5,5.947417765,9.936690386
6,0.551381611,10.57907056
8,1.187228943,1.766376396
4,0.567863922,8.782301276
6,2.758701008,5.35717259
4,3.736343181,4.904714282
1,1.144105299,3.729052233
3,2.326370097,3.631839261
4,3.522470941,3.026816281
5,1.641119629,2.733947022
4,5.772765108,2.824302909
5,4.429312883,1.234200065
2,0.20055332,7.022030425
2,2.911649199,0.963559676
5,0.804915278,10.92763109
5,2.446068274,0.76784038
5,9.431892496,1.934807412
6,6.337431897,4.515793753
4,1.555144307,2.93472721
9,1.03387434,4.813367891
7,0.801308826,2.303741676
2,2.281163213,2.346601285
3,0.363956367,2.433803069
4,2.390693699,4.588821762
6,0.004003589,3.686212337
7,1.174019364,3.880186137
4,0.745131449,15.10229463
5,10.6440976,0.522096592
5,3.897514486,2.439181853
3,1.290749392,1.113399547
3,0.292326137,3.659212315
7,2.181977589,5.524352505
3,0.720288876,1.711738111
8,2.306390703,0.360481586
8,5.412024918,5.39305339
5,2.86971793,1.330639294
5,3.013632072,1.765709674
3,2.336313181,1.681716632
3,7.862823833,2.182729277
6,8.060452456,2.72536132
5,2.156768825,2.985395295
4,1.094810455,1.497354759
6,1.846264883,1.898146624
3,0.619441631,0.562234198
12,3.034643341,4.644506566
1,2.079995608,4.534433228
6,0.327103362,1.230934324
1,0.660622776,6.359250967
6,1.959656824,2.274324332
1,6.556780197,1.70333842
4,2.506834285,0.859242995
3,3.432728102,1.019603097
3,1.242133895,1.671462391
5,2.541773335,7.29962766
5,1.779253061,1.668511626
5,3.228761549,4.847360579
9,0.155698011,3.815694545
3,2.03950978,6.428263833
3,1.052899342,0.203324897
6,1.184399332,1.151136562
6,9.726236194,4.680635891
3,0.605228123,6.360849381
7,1.118610077,7.1254918
4,2.139392036,2.424129648
1,5.963913223,1.722790675
7,1.617007073,8.531933773
7,4.086155179,2.858066016
2,5.821629792,0.882820176
5,1.113262157,3.560070817
6,1.49644504,2.447807476
9,1.322761882,1.678432497
3,5.366695253,2.888433112
4,0.136080774,2.46213375
10,1.106334055,0.84672808
4,3.412763195,3.388930482
4,2.500287922,1.381290583
4,1.719642623,2.712644298
7,2.329248739,9.283642653
8,0.660386497,7.425619511
6,1.69013082,9.479162631
6,2.089676887,6.617410058
3,6.943642736,1.724489138
5,0.906702986,14.68715848
6,6.070964921,1.124477642
2,3.100508611,6.413697236
8,0.061651664,1.023664456
5,3.868933458,1.599033104
4,0.108597705,5.620035222
4,17.83503341,3.479428989
2,6.182134649,1.4273275
5,1.058662437,3.268851623
5,0.89283858,3.433190142
4,1.441088497,3.277969559
2,1.320947548,8.601250181
4,1.397259554,1.247634917
4,1.149393589,2.364237871
1,2.911713398,0.46076842
8,0.538326309,3.304261866
4,5.612043619,5.586321743
10,5.020369451,6.476396367
6,1.941558518,0.871285264
3,5.746462219,3.868053564
6,0.851648177,7.265225481
4,0.053164677,1.703300332
3,2.896505363,17.41481753
2,1.836966437,4.487307678
3,2.512192913,0.230616508
5,6.88800272,2.647581601
3,10.51224027,2.334552369
4,3.019082398,2.887172901
3,4.332477156,8.417025191
6,0.262589407,4.588564581
5,0.525616911,0.990634421
5,3.963821924,3.882473911
4,1.693551989,6.184212508
4,1.771583716,0.354857911
6,1.107143585,1.576512258
4,2.80455872,5.196217822
6,0.614309088,10.37711062
4,2.957857297,0.943752359
5,0.572751062,5.640220447
5,0.197861878,8.484251039
4,1.203034719,1.953559679
5,0.788540476,6.023603798
3,6.594449257,2.360066544
4,0.169563293,3.041126565
6,0.582989397,4.166487036
6,2.386999247,7.805932837
1,1.967942599,12.5211179
3,0.140809508,2.197346548
4,0.021836564,1.319019981
6,13.28557964,7.591993093
4,3.226164508,5.676443681
3,1.364310183,4.511488883
14,1.9070825,6.34324152
5,0.929988043,2.39413986
4,1.268782096,4.548935075
5,3.141287253,8.903024233
5,6.43192224,1.972573348
7,0.610500836,6.041680912
7,5.504530286,2.643504565
7,0.388811505,7.376043056
2,0.726184965,8.37182295
5,0.11365172,3.110884521
3,0.455302084,4.068826379
7,7.477721137,1.698235175
2,1.845441963,4.845056915
6,0.242543146,0.910425726
4,9.636209965,4.795266089
8,6.335703489,5.392066413
5,4.215606222,3.901586833
1,8.130432814,1.83114939
2,0.745881892,8.257151214
3,5.430429531,1.816772724
6,3.513463749,9.279143822
8,6.115111844,3.828395053
4,4.782341274,12.64307642
3,1.276215575,6.601897042
6,4.466955824,1.901822358
6,0.913289827,5.391418659
8,1.195135566,6.203610172
6,0.342550361,4.123049748
6,8.203642235,3.380418387
5,1.031713489,8.583998403
4,2.205800457,1.671545723
5,1.489451071,3.741516407
5,9.651241356,24.7961822
6,1.224126547,3.82613946
11,4.522618739,3.740790719
8,5.801687085,0.989215744
7,1.716010714,8.276178829
7,1.42527436,7.546159835
4,4.131954158,2.666887145
8,7.321956738,8.515249985
6,4.2186554,2.443195743
2,0.772919154,2.632906764
4,6.576023804,3.789932687
0,1.47101904,1.838453747
6,2.575689107,2.132960383
0,5.341312562,5.685453475
7,0.626223671,0.975297423
9,4.604524212,3.819828916
7,2.720230342,5.511827993
2,6.714373401,5.038768766
4,0.566119136,8.249008601
8,1.637712416,1.114892629
5,5.366467032,0.574362692
5,0.058257115,2.067367461
6,0.357030978,10.58489758
2,13.99005495,3.009681921
4,0.987155061,5.749865464
7,11.13254018,5.516488537
3,0.604628914,1.998191439
6,1.343995901,1.127800902
2,4.193515552,2.312700308
8,3.216890459,4.711439829
10,2.610529577,3.636124875
5,2.264424263,3.948249045
4,5.562956369,1.781472509
4,0.803436628,3.745868755
8,1.752721884,0.925199005
9,0.506862156,2.320585051
7,2.718587539,1.135458161
7,0.865224705,3.831147165
3,1.218685488,3.011421331
8,1.911722712,2.064079759
7,0.081406333,1.619162945
2,0.289327651,2.649349859
5,3.47441072,2.164916915
7,1.680940493,4.398626959
6,6.002783387,7.055221624
1,3.559106047,5.243938107
3,0.024401798,5.66385038
4,2.876908431,0.203729253
4,0.295237018,3.402917367
3,4.555135442,3.936472859
7,14.30578208,6.297763152
9,2.272729406,6.732804566
4,3.444474492,8.139851755
3,0.81272723,2.202719565
4,1.72661378,2.424077722
4,5.815812684,0.157287943
6,0.549688518,1.270127901
3,0.925841282,4.468892583
10,1.768706603,3.994320046
5,3.736978141,4.329234917
5,1.414256874,4.279442541
3,7.882133159,0.86878754
2,0.297661715,6.906662705
7,1.389938337,2.98503291
5,3.702823118,3.927504029
4,0.768498921,5.682137908
6,3.204945945,11.05834852
5,0.538158657,5.494677287
4,0.172824685,1.770549998
7,0.386964785,12.72992129
4,7.97712803,3.457771656
2,2.407218409,3.571840575
3,4.773995103,8.314310019
8,1.213342133,1.140004325
5,2.694311226,4.927557727
6,2.049306208,6.05373795
2,8.741791094,3.184078262
3,4.129918987,6.014629283
3,3.934035266,10.77966016
7,0.142385939,0.69727495
5,2.39332169,1.719167876
2,1.887653463,0.33147152
2,7.886702444,1.08944666
7,0.892558861,2.791562342
8,0.943447874,2.408899168
4,1.589751381,2.161889796
4,0.836641613,8.252444718
4,0.414973444,8.433840559
3,5.843447671,9.743993191
4,2.451213641,3.805517302
6,5.927682736,15.0461243
5,5.335962932,5.039042027
5,0.994034105,4.600367402
3,2.380477177,4.874991223
6,0.260655727,5.032255223
4,7.40421529,2.550217305
2,1.553866519,5.604855302
5,1.501023257,7.953131731
7,1.081856865,0.569367516
8,1.852248157,4.402427888
0,0.870092031,0.266101672
5,1.409301881,7.0022487
4,4.827519571,4.181728826
6,5.391923564,3.584583768
4,1.088003501,0.17734808
7,1.899061303,2.258701883
2,6.210132141,2.506647161
3,0.162333884,6.86442543
3,6.598595685,2.814776115
5,0.742248585,3.058708856
6,3.404639426,6.552232335
9,2.620783698,12.92470262
6,2.415192416,3.322032
7,5.884660329,9.217138901
2,0.321326608,10.73565577
2,1.278663205,0.974148673
8,2.318212823,1.777829969
8,5.002613282,17.13063475
8,0.731734727,6.717051229
7,4.872586435,1.328071504
6,1.530669828,9.695354593
2,0.628143035,11.61178949
7,4.26870625,3.930401886
6,0.285896914,6.115842678
5,2.169380586,4.769211238
6,0.198021305,8.85497598
4,1.322116821,1.697770403
4,2.756959078,2.364549323
4,2.436572937,6.836354455
5,1.555844734,6.91972968
4,1.681350376,6.823329884
7,0.771534465,5.316101097
2,1.825770676,7.92109147
4,9.189134683,9.829091758
1,5.700432014,8.98928422
6,0.470778626,2.621451885
1,0.090699722,3.194726141
6,8.132757009,4.378638826
6,2.244392881,1.847799423
0,2.315518252,2.704308273
6,4.55219006,3.934210935
1,1.133647473,2.759507083
4,1.972804842,1.981211251
6,10.388859,3.090968698
7,3.345585262,11.50898232
6,0.500803752,12.14598649
3,0.428933604,1.688699104
7,0.685466278,0.816829906
6,4.366440425,3.783863044
5,1.050277129,1.182876005
7,0.064862709,1.691294289
4,8.656566239,5.282715298
7,0.557953069,2.433544863
1,0.028812476,9.620062225
2,0.812009228,2.153414551
2,0.803751228,4.910747191
6,1.644571485,12.07878624
8,7.591840348,2.423552109
6,6.340482445,0.968704089
0,1.831355365,1.518302521
10,1.587477508,10.88130389
2,2.429104248,2.000575885
5,0.836975871,1.19743528
8,0.160787805,6.731143526
5,8.401687636,1.155500015
4,0.619961957,4.065204143
3,0.663439375,0.991446811
7,1.918593631,2.855861308
7,2.029538966,8.286452267
3,0.055818711,2.311164956
3,0.48034689,1.025654025
2,1.425192365,3.598284795
2,3.453483578,5.483059836
7,0.777938755,3.228410232
4,1.649814149,12.39653766
1,2.444894219,1.598479395
3,6.583681742,2.579765549
10,1.183889329,3.05677529
3,0.430081245,4.489632363
6,2.015755687,1.532582715
4,4.11979802,2.382671424
5,0.349128757,2.266492467
3,1.658504821,1.459552264
7,0.053835592,3.044557703
5,0.102405645,5.415000123
2,1.978866606,0.908001421
6,1.062308898,3.442923151
3,5.59506796,3.932851884
2,2.765073158,3.868783639
7,1.81504059,14.63294927
6,1.572418439,3.966855226
3,2.062959781,2.818399898
5,0.123837645,2.012481449
7,6.698991176,2.286196258
4,19.1369552,1.702113688
4,0.600798456,2.075446316
3,0.38480596,2.480493346
6,0.464974221,2.973886742
4,3.245504978,5.001229434
5,3.249169279,1.890818883
7,5.650127851,1.907207714
4,4.180880193,3.739580712
3,1.791818789,3.745836204
1,2.846870739,2.217642311
5,3.496994738,1.000240431
8,2.15685052,6.514358879
5,1.936793269,4.663702605
5,3.107736066,3.44139619
3,2.445771899,5.819222599
3,3.097987493,0.681750441
6,2.846866186,0.535191414
5,3.810301074,3.256957151
7,3.088407759,5.313231484
6,2.200298497,3.18280481
8,3.435195426,0.672672262
8,1.790686688,5.318146855
8,0.829914746,1.901185326
9,0.00425768,6.945976135
5,2.462697215,14.10801104
3,2.679592534,0.718210553
4,10.73190312,1.369961192
5,1.345799015,2.679479767
6,1.503285569,3.549525327
7,0.676186686,6.432024875
4,0.219436107,3.135185866
6,4.445833102,1.306449439
13,0.861770746,4.378442356
3,2.816413279,1.386667078
7,3.492074716,2.026297987
7,1.911643114,6.911043021
2,6.270952122,1.860850804
5,1.759854185,1.424209244
2,1.006034834,2.131830945
4,6.790540951,4.829336954
3,5.932047622,0.496395836
3,0.537523352,4.352241399
1,0.078911862,3.074609998
7,0.282884422,1.882008936
4,1.012917826,3.101314437
9,10.75461815,2.80833478
4,2.45284154,2.621696689
6,1.401678783,2.998505044
3,6.587011911,2.891413938
8,1.810667228,1.623742306
6,1.136054592,2.236879578
5,8.501836802,4.199388635
3,5.681728755,0.904411693
11,5.567327188,3.499586872
7,2.1540706,1.056499579
6,4.673931079,3.343325101
6,0.59298799,0.851148568
6,2.554480653,1.751810983
6,12.37674842,3.782121989
5,1.031523369,2.703015402
8,4.744772732,3.067598662
6,2.022849141,1.455921495
8,0.121858805,5.576955741
13,4.319330966,2.75719589
4,0.55382142,2.481733264
1,2.994728517,3.170611081
4,0.268672117,0.438068214
2,8.804893668,2.783532212
7,1.034763814,3.249511185
4,0.770351888,1.701099775
5,0.414809762,6.044376567
8,8.756435552,0.822736307
6,3.733381881,5.569229622
5,4.060446517,7.458477657
2,2.075871036,4.522021453
6,1.93151594,1.808677134
5,0.349673055,3.581229796
6,2.461858413,1.435362161
3,0.850737483,10.34502843
6,11.33579979,2.628835583
6,4.777461279,1.482999814
4,1.5981508,0.246517205
7,0.492294382,3.041262154
4,4.615983575,6.575329462
0,0.390509776,4.403389039
9,0.629696529,6.029770955
1,0.712946682,11.30861598
6,2.44181602,3.136047808
4,4.640187389,2.655321661
5,1.132010291,12.63093005
6,0.26541126,3.618283461
8,1.873878657,0.96227008
4,4.136291256,1.805208644
5,0.751790309,12.23751104
10,0.745093892,4.073350324
5,8.825268303,6.646094278
7,9.247384119,1.302481671
6,13.95858846,6.624083208
4,4.945465705,2.471168428
3,0.625445322,6.812315074
5,0.714701216,9.756247089
4,1.247570332,1.745551726
4,1.148759902,5.340906834
5,9.406897363,3.794985168
2,4.66874351,2.217616894
7,3.862158808,1.891189556
3,0.617249204,3.617972663
5,7.208063676,1.537939022
6,5.278522435,2.939606472
8,0.536095015,5.624812899
5,6.14779245,0.895331196
3,0.953382933,1.38586201
3,0.252982296,1.748451928
5,3.208520727,4.476904278
7,3.182256285,6.143851317
5,0.299235632,3.541206755
5,1.151926165,5.399914754
10,14.80705476,4.221255423
2,3.403588995,10.41820123
6,3.928835261,1.208185335
7,0.718265806,1.162461343
4,0.246175946,0.23590877
11,0.972630272,0.877513103
5,0.858642991,1.755400445
4,0.801851028,3.392886868
1,0.64238167,3.402744624
11,2.565274289,4.487820567
3,1.192952797,3.143577265
2,5.150151053,3.315034484
7,0.609829462,4.484790205
5,1.874375133,9.452927983
1,0.041255888,7.570280229
6,1.971500843,1.011290535
4,0.172373254,11.6761961
9,11.4126705,12.68274634
4,4.690414174,1.011122936
9,2.020689476,2.612284941
5,0.271702614,3.875403507
2,2.692741403,4.986406657
8,4.265935614,1.371588472
2,0.634820763,0.727407395
7,2.519436232,7.321705643
9,5.049429333,5.524155266
3,4.386259455,3.227308197
3,4.873533098,2.686578678
6,6.343923735,6.055219731
7,8.326519829,1.158027034
2,1.560210445,4.299546824
9,2.523334822,5.60553757
5,4.691379872,3.126074582
5,3.583452036,1.359895747
3,16.22454956,1.464782122
6,0.041316156,2.342198248
6,1.316134557,3.143848355
4,0.989798287,1.457180593
6,0.912718582,5.971110243
8,0.755129823,3.995307005
4,3.704573017,0.806315038
6,0.265705133,4.169952745
4,4.059842084,6.775901876
9,3.546886806,4.996096695
5,0.866264473,9.447177491
7,0.874402818,0.625946789
2,2.973532519,1.954341615
4,4.308611383,4.593907376
4,6.274192909,2.256438195
7,5.734459347,3.076207271
3,10.04720931,9.820490399
4,2.612410158,7.552043427
3,7.179353632,4.939252416
3,4.958810354,3.582094529
2,6.751903337,5.025677216
10,0.035084156,5.676390227
3,10.13563691,2.288276413
2,1.924683715,6.279681242
6,4.801181643,4.498281811
4,0.408160692,4.438941051
6,1.512250687,3.264606656
2,0.950140973,4.960543231
4,1.034488016,6.786894371
9,0.3946194,1.489196944
10,4.916041507,11.27044858
5,0.027855869,7.182616459
2,1.124104161,1.295418118
3,0.574972964,6.229435049
7,2.667770445,2.848736509
6,0.880104232,1.121506499
4,0.899257704,1.989032985
2,2.010273929,2.109960349
7,3.17260428,5.250922082
6,0.387951272,3.237192152
7,0.578976082,4.46399883
7,0.851766428,5.971341705
3,10.92006378,4.938726153
3,1.518273049,6.047758017
4,2.741307421,1.838332261
5,0.829406777,2.63499804
2,2.022737967,1.56681228
4,0.231029252,2.767130675
7,0.106080021,1.643094105
5,1.897474653,2.115108765
6,1.525780787,1.87491219
4,0.441605754,3.702056687
9,3.490426305,8.501808888
2,14.84445688,0.58752791
6,1.510789556,2.444499277
4,2.938958923,5.537026361
3,9.888562114,2.165047069
6,5.343081307,6.820577614
7,1.868358187,1.549229619
8,4.012392416,2.495138803
9,0.411362189,2.321536327
5,2.152958143,1.917286318
4,0.981599242,2.71218256
3,0.527219071,6.905395321
7,1.666846159,3.70165177
4,0.421286707,9.712904789
8,3.601786623,1.37408371
8,1.827742161,7.997753545
1,2.272382829,0.329327409
5,0.474793174,5.586344393
4,0.451672244,10.52793383
3,2.626997404,10.08051226
2,12.60106543,1.934418074
8,0.303609453,6.157710663
8,1.009488711,7.507664139
3,6.108206454,5.36027216
4,0.225050117,2.245111167
12,6.259657608,1.701089769
3,2.228815232,2.890894682
3,1.574098132,5.949363017
4,1.111802515,2.43720601
3,1.057695167,2.930632677
4,1.094996687,2.984800524
6,6.483336827,5.00564209
4,3.859838306,3.345964183
3,3.323470819,1.962728003
8,4.809609402,1.908008539
2,0.891640712,8.271883473
3,2.887340251,6.172665477
7,1.848926435,4.97884966
3,4.575864362,3.751940843
7,1.109958484,0.572662857
5,3.091559849,7.594405146
2,6.41661713,1.986798624
9,1.543248567,2.139966282
4,0.206835327,5.694481363
3,2.177326148,7.605397338
1,1.273817583,3.399025179
2,3.346287128,4.481667298
6,9.049821421,0.686309314
10,1.994310829,3.652873189
6,1.883147219,2.842953574
6,3.189024324,4.643855808
2,0.327762604,3.989956872
4,0.877103858,1.418386102
5,7.539152748,6.189655777
8,3.325466222,5.131592069
5,0.0406057,2.600876433
3,0.686826515,0.933072889
1,3.445020841,9.831420598
7,4.336849328,3.392852947
7,5.495112534,4.631772796
4,1.036682816,1.886511478
4,8.022189897,5.284369942
4,2.415233655,3.71230984
9,3.577506754,4.128122219
1,2.724512831,1.324205636
3,0.392855783,3.824416338
4,9.899823241,1.28867457
3,0.39331928,5.037583871
3,0.882637876,5.18690764
